Species,4,50,95,143,226,251,254,255,265,375,418,449,471
gerardiana,K,P,S,A,Y,M,A,V,I,L,V,C,-
muricata,K,P,T,A,Y,M,A,I,V,L,V,C,V
nigra,Q,P,T,S,N,M,A,I,V,L,V,C,V
kesiya,K,P,T,S,N,M,A,I,V,L,A,C,V
pinaster,K,P,T,S,N,I,A,V,V,L,V,C,-
palustris,Q,P,T,A,Y,M,V,I,V,L,V,A,A
remota,K,A,S,A,N,I,A,V,V,M,V,S,V
montezumae,K,P,T,A,Y,M,A,V,I,L,V,C,A
jaliscana,K,P,T,A,Y,M,V,I,V,L,V,S,A
densiflora,Q,P,T,S,N,M,A,V,V,L,A,C,V
kwangtunge,K,A,N,A,N,M,A,V,V,L,A,C,V
strobiform,K,A,N,S,N,M,A,V,V,L,V,C,V
ayacahuite,-,A,N,S,N,M,A,V,V,L,V,C,V
mugo,K,P,T,A,N,M,A,I,V,L,V,C,V
aristata,K,A,T,A,Y,M,A,V,V,L,V,C,V
densata,K,P,T,S,N,M,A,I,V,L,A,C,V
virginiana,K,P,S,A,Y,M,A,I,I,L,V,A,A
morrisonic,K,A,N,A,N,M,A,V,V,L,A,C,V
massoniana,K,P,T,S,N,M,V,V,V,L,V,S,V
praetermis,-,P,T,A,Y,M,V,I,V,L,V,A,A
oocarpa,K,P,T,A,Y,M,V,I,V,L,V,S,A
latteri,K,P,T,S,N,M,V,I,V,L,V,S,V
teocote,K,P,T,A,Y,M,V,I,V,L,V,C,A
wangii,K,A,N,A,N,M,A,V,V,L,A,C,V
ponderosa,K,P,T,A,Y,I,A,V,I,L,V,C,A
tabuliform,K,P,T,S,N,M,A,I,V,L,V,C,V
nelsonii,K,P,T,A,N,I,A,V,V,M,V,C,V
cembroides,K,A,S,A,N,V,A,V,V,L,V,C,V
lambertian,K,A,N,A,N,M,A,V,V,L,V,C,V
edulis,K,A,S,A,N,I,A,V,V,M,V,S,V
culminicol,K,A,S,A,N,V,A,V,V,M,V,C,A
hartwegii,K,P,T,A,Y,M,A,V,I,L,V,C,A
pringlei,K,P,T,A,Y,M,V,I,V,L,V,S,X
taeda,Q,P,T,A,Y,M,A,I,V,L,V,S,A
maximartin,K,A,T,S,N,I,A,V,V,M,V,C,V
albicaulis,K,A,N,A,N,M,A,V,V,L,V,C,-
quadrifoli,K,A,N,A,N,I,A,V,V,L,V,C,V
jeffreyi,K,P,T,A,Y,I,A,V,I,L,V,C,A
elliottii,K,P,T,A,Y,M,V,I,V,L,V,A,A
tecunumani,-,P,T,A,Y,M,A,I,V,L,V,-,-
yunnanensi,K,P,T,S,N,M,A,I,V,L,A,C,V
caribaea,K,P,T,A,Y,M,V,I,V,L,V,A,A
glabra,K,P,T,A,Y,M,A,I,V,L,V,A,V
douglasian,K,P,T,A,Y,I,A,V,I,L,V,C,A
contorta,K,P,T,A,Y,M,A,V,V,L,V,C,A
attenuata,-,P,T,A,Y,M,A,I,V,L,V,C,V
echinata,K,P,T,A,Y,M,V,I,V,L,V,A,A
cembra,K,A,N,A,N,M,A,V,V,L,A,C,V
coulteri,K,P,T,A,Y,I,A,V,I,L,V,C,A
armandii,K,A,N,A,N,M,A,V,V,L,A,C,V
pinea,K,P,T,S,N,I,A,V,V,M,V,C,V
balfourian,K,A,N,A,N,M,A,V,V,L,V,C,V
patula,K,P,T,A,Y,M,A,I,V,L,V,C,A
rigida,Q,P,T,A,Y,M,A,I,V,L,V,A,A
rzedowskii,-,P,S,A,N,I,A,V,V,M,V,C,V
pungens,K,P,T,A,Y,M,A,I,V,L,V,A,A
discolor,K,A,S,A,N,V,A,V,V,M,V,C,V
engelmanni,K,P,T,A,Y,I,A,V,I,L,V,C,A
parviflora,Q,A,N,A,N,M,A,V,V,L,V,C,V
sylvestris,K,P,T,S,N,M,A,I,V,L,V,C,V
pumila,K,A,N,A,N,M,A,V,V,L,A,C,V
dalatensis,K,A,N,A,N,M,A,V,V,L,A,C,V
radiata,K,P,T,A,Y,M,A,I,V,L,V,C,V
peuce,-,P,S,S,N,M,A,V,V,L,V,C,V
chiapensis,K,A,N,S,N,M,A,I,V,L,A,C,A
bhutanica,K,A,N,A,N,M,A,V,V,L,A,C,V
hwangshane,K,P,T,S,N,M,A,I,V,L,V,C,V
lawsonii,K,P,T,A,Y,M,V,I,V,L,V,S,X
serotina,K,P,T,A,Y,M,A,I,V,L,V,A,X
sabiniana,K,P,T,A,Y,I,A,V,I,L,V,C,A
banksiana,-,P,A,A,Y,M,A,I,V,L,V,C,-
luchuensis,-,P,T,S,N,M,A,I,V,L,V,-,-
taiwanensi,K,P,T,S,N,M,A,I,V,L,V,C,V
leiophylla,K,P,T,A,Y,M,V,I,V,L,V,C,A
monophylla,K,A,N,A,N,I,A,V,V,L,V,C,V
maximinoi,-,P,T,A,Y,I,A,V,I,L,V,-,-
brutia,K,P,T,S,N,I,A,V,V,M,V,C,V
squamata,K,A,N,A,N,M,A,V,V,L,A,C,V
merkusii,-,P,T,S,N,M,V,I,V,L,V,S,V
roxburghii,K,P,T,S,N,I,A,V,V,L,V,C,V
devoniana,K,P,T,A,Y,I,A,V,I,L,V,C,A
longaeva,K,A,T,A,Y,M,A,V,V,L,V,C,V
bungeana,Q,P,S,A,Y,I,A,V,I,L,V,S,A
sibirica,K,A,N,A,N,M,A,V,V,L,A,C,V
arizonica,K,P,T,A,Y,I,A,V,I,L,V,C,A
greggii,K,P,T,A,Y,M,V,I,V,L,V,C,A
herrerae,-,P,T,A,Y,M,V,I,V,L,V,-,-
halepensis,K,P,T,S,N,I,A,V,V,L,V,C,V
resinosa,K,P,T,S,N,M,A,I,V,L,V,C,-
dabeshanen,K,A,N,A,N,M,A,V,V,L,A,C,V
strobus,Q,A,N,A,N,M,A,V,V,L,V,C,V
krempfii,K,P,S,S,N,I,A,V,V,M,V,A,A
pinceana,K,A,T,S,N,I,A,V,V,M,V,C,V
monticola,-,A,N,A,N,M,A,V,V,L,V,C,V
pseudostro,K,P,T,A,X,X,A,V,I,X,V,C,X
lumholtzii,K,P,T,A,Y,M,V,I,V,L,V,S,A
koraiensis,Q,A,N,A,N,M,A,V,V,L,A,C,V
clausa,-,P,S,A,Y,M,A,I,I,L,V,A,A
durangensi,-,P,T,A,Y,I,A,V,I,L,V,-,-
wallichian,K,A,N,A,N,M,A,V,V,L,A,C,V
flexilis,K,A,N,S,N,M,A,V,V,L,V,C,-
heldreichi,K,P,T,S,N,M,A,V,V,L,V,C,V
fenzeliana,K,A,N,A,N,M,A,V,V,L,A,C,V
thunbergii,Q,P,T,S,N,M,A,I,V,L,V,C,V
