Species,Site,AA,AA_Ancestral,AA_A_PosteriorProb,Ancestral,Substitution
cancellatu,43,T,T,0.999,TRUE,T43S
cancellatu,95,S,N,0.989,FALSE,N95S
cancellatu,245,A,G,1,FALSE,G245A
cancellatu,309,M,I,0.955,FALSE,I309M
cancellatu,340,E,D,0.999,FALSE,D340E
tomentellu,43,T,T,0.999,TRUE,T43S
tomentellu,95,S,N,0.989,FALSE,N95S
tomentellu,245,G,G,1,TRUE,G245A
tomentellu,309,M,I,0.955,FALSE,I309M
tomentellu,340,D,D,0.999,TRUE,D340E
grabusae,43,S,T,0.999,FALSE,T43S
grabusae,95,N,N,0.989,TRUE,N95S
grabusae,245,G,G,1,TRUE,G245A
grabusae,309,-,I,0.955,NA,I309M
grabusae,340,-,D,0.999,NA,D340E
perfoliatu,43,T,T,0.999,TRUE,T43S
perfoliatu,95,N,N,0.989,TRUE,N95S
perfoliatu,245,G,G,1,TRUE,G245A
perfoliatu,309,M,I,0.955,FALSE,I309M
perfoliatu,340,D,D,0.999,TRUE,D340E
vigaroense,43,-,T,0.999,NA,T43S
vigaroense,95,N,N,0.989,TRUE,N95S
vigaroense,245,G,G,1,TRUE,G245A
vigaroense,309,I,I,0.955,TRUE,I309M
vigaroense,340,E,D,0.999,FALSE,D340E
subglabrum,43,T,T,0.999,TRUE,T43S
subglabrum,95,N,N,0.989,TRUE,N95S
subglabrum,245,-,G,1,NA,G245A
subglabrum,309,-,I,0.955,NA,I309M
subglabrum,340,-,D,0.999,NA,D340E
proliferum,43,S,T,0.999,FALSE,T43S
proliferum,95,N,N,0.989,TRUE,N95S
proliferum,245,G,G,1,TRUE,G245A
proliferum,309,M,I,0.955,FALSE,I309M
proliferum,340,D,D,0.999,TRUE,D340E
thiniense,43,T,T,0.999,TRUE,T43S
thiniense,95,N,N,0.989,TRUE,N95S
thiniense,245,-,G,1,NA,G245A
thiniense,309,-,I,0.955,NA,I309M
thiniense,340,-,D,0.999,NA,D340E
ocymifoliu,43,S,T,0.999,FALSE,T43S
ocymifoliu,95,N,N,0.989,TRUE,N95S
ocymifoliu,245,-,G,1,NA,G245A
ocymifoliu,309,-,I,0.955,NA,I309M
ocymifoliu,340,-,D,0.999,NA,D340E
lanceolatu,43,T,T,0.999,TRUE,T43S
lanceolatu,95,S,N,0.989,FALSE,N95S
lanceolatu,245,G,G,1,TRUE,G245A
lanceolatu,309,M,I,0.955,FALSE,I309M
lanceolatu,340,E,D,0.999,FALSE,D340E
greuteri,43,T,T,0.999,TRUE,T43S
greuteri,95,S,N,0.989,FALSE,N95S
greuteri,245,A,G,1,FALSE,G245A
greuteri,309,M,I,0.955,FALSE,I309M
greuteri,340,E,D,0.999,FALSE,D340E
frederici,43,-,T,0.999,NA,T43S
frederici,95,N,N,0.989,TRUE,N95S
frederici,245,G,G,1,TRUE,G245A
frederici,309,M,I,0.955,FALSE,I309M
frederici,340,D,D,0.999,TRUE,D340E
dichroanth,43,T,T,0.999,TRUE,T43S
dichroanth,95,N,N,0.989,TRUE,N95S
dichroanth,245,-,G,1,NA,G245A
dichroanth,309,-,I,0.955,NA,I309M
dichroanth,340,-,D,0.999,NA,D340E
macropteru,43,S,T,0.999,FALSE,T43S
macropteru,95,N,N,0.989,TRUE,N95S
macropteru,245,G,G,1,TRUE,G245A
macropteru,309,I,I,0.955,TRUE,I309M
macropteru,340,E,D,0.999,FALSE,D340E
sinense,43,T,T,0.999,TRUE,T43S
sinense,95,N,N,0.989,TRUE,N95S
sinense,245,A,G,1,FALSE,G245A
sinense,309,M,I,0.955,FALSE,I309M
sinense,340,D,D,0.999,TRUE,D340E
gougetianu,43,T,T,0.999,TRUE,T43S
gougetianu,95,S,N,0.989,FALSE,N95S
gougetianu,245,A,G,1,FALSE,G245A
gougetianu,309,M,I,0.955,FALSE,I309M
gougetianu,340,E,D,0.999,FALSE,D340E
brasiliens,43,T,T,0.999,TRUE,T43S
brasiliens,95,S,N,0.989,FALSE,N95S
brasiliens,245,-,G,1,NA,G245A
brasiliens,309,-,I,0.955,NA,I309M
brasiliens,340,-,D,0.999,NA,D340E
imbricatum,43,S,T,0.999,FALSE,T43S
imbricatum,95,N,N,0.989,TRUE,N95S
imbricatum,245,G,G,1,TRUE,G245A
imbricatum,309,I,I,0.955,TRUE,I309M
imbricatum,340,D,D,0.999,TRUE,D340E
carolinian,43,T,T,0.999,TRUE,T43S
carolinian,95,S,N,0.989,FALSE,N95S
carolinian,245,G,G,1,TRUE,G245A
carolinian,309,M,I,0.955,FALSE,I309M
carolinian,340,D,D,0.999,TRUE,D340E
scabrum,43,T,T,0.999,TRUE,T43S
scabrum,95,S,N,0.989,FALSE,N95S
scabrum,245,A,G,1,FALSE,G245A
scabrum,309,M,I,0.955,FALSE,I309M
scabrum,340,E,D,0.999,FALSE,D340E
roridum,43,S,T,0.999,FALSE,T43S
roridum,95,N,N,0.989,TRUE,N95S
roridum,245,G,G,1,TRUE,G245A
roridum,309,M,I,0.955,FALSE,I309M
roridum,340,D,D,0.999,TRUE,D340E
wrightii,43,T,T,0.999,TRUE,T43S
wrightii,95,N,N,0.989,TRUE,N95S
wrightii,245,A,G,1,FALSE,G245A
wrightii,309,M,I,0.955,FALSE,I309M
wrightii,340,D,D,0.999,TRUE,D340E
algarvense,43,T,T,0.999,TRUE,T43S
algarvense,95,N,N,0.989,TRUE,N95S
algarvense,245,G,G,1,TRUE,G245A
algarvense,309,M,I,0.955,FALSE,I309M
algarvense,340,E,D,0.999,FALSE,D340E
corculum,43,T,T,0.999,TRUE,T43S
corculum,95,S,N,0.989,FALSE,N95S
corculum,245,-,G,1,NA,G245A
corculum,309,-,I,0.955,NA,I309M
corculum,340,-,D,0.999,NA,D340E
hierapetra,43,T,T,0.999,TRUE,T43S
hierapetra,95,S,N,0.989,FALSE,N95S
hierapetra,245,A,G,1,FALSE,G245A
hierapetra,309,M,I,0.955,FALSE,I309M
hierapetra,340,E,D,0.999,FALSE,D340E
iconicum,43,T,T,0.999,TRUE,T43S
iconicum,95,N,N,0.989,TRUE,N95S
iconicum,245,G,G,1,TRUE,G245A
iconicum,309,M,I,0.955,FALSE,I309M
iconicum,340,D,D,0.999,TRUE,D340E
perezii,43,S,T,0.999,FALSE,T43S
perezii,95,N,N,0.989,TRUE,N95S
perezii,245,G,G,1,TRUE,G245A
perezii,309,I,I,0.955,TRUE,I309M
perezii,340,E,D,0.999,FALSE,D340E
flexuosum,43,T,T,0.999,TRUE,T43S
flexuosum,95,N,N,0.989,TRUE,N95S
flexuosum,245,-,G,1,NA,G245A
flexuosum,309,-,I,0.955,NA,I309M
flexuosum,340,-,D,0.999,NA,D340E
archaeothi,43,S,T,0.999,FALSE,T43S
archaeothi,95,N,N,0.989,TRUE,N95S
archaeothi,245,G,G,1,TRUE,G245A
archaeothi,309,M,I,0.955,FALSE,I309M
archaeothi,340,D,D,0.999,TRUE,D340E
aucheri,43,S,T,0.999,FALSE,T43S
aucheri,95,N,N,0.989,TRUE,N95S
aucheri,245,G,G,1,TRUE,G245A
aucheri,309,M,I,0.955,FALSE,I309M
aucheri,340,D,D,0.999,TRUE,D340E
minutum,43,T,T,0.999,TRUE,T43S
minutum,95,S,N,0.989,FALSE,N95S
minutum,245,A,G,1,FALSE,G245A
minutum,309,M,I,0.955,FALSE,I309M
minutum,340,E,D,0.999,FALSE,D340E
camposanum,43,T,T,0.999,TRUE,T43S
camposanum,95,S,N,0.989,FALSE,N95S
camposanum,245,A,G,1,FALSE,G245A
camposanum,309,M,I,0.955,FALSE,I309M
camposanum,340,E,D,0.999,FALSE,D340E
ursifolium,43,T,T,0.999,TRUE,T43S
ursifolium,95,S,N,0.989,FALSE,N95S
ursifolium,245,G,G,1,TRUE,G245A
ursifolium,309,M,I,0.955,FALSE,I309M
ursifolium,340,E,D,0.999,FALSE,D340E
multiforme,43,-,T,0.999,NA,T43S
multiforme,95,-,N,0.989,NA,N95S
multiforme,245,A,G,1,FALSE,G245A
multiforme,309,M,I,0.955,FALSE,I309M
multiforme,340,E,D,0.999,FALSE,D340E
ebusitanum,43,T,T,0.999,TRUE,T43S
ebusitanum,95,S,N,0.989,FALSE,N95S
ebusitanum,245,A,G,1,FALSE,G245A
ebusitanum,309,M,I,0.955,FALSE,I309M
ebusitanum,340,E,D,0.999,FALSE,D340E
arboreum,43,S,T,0.999,FALSE,T43S
arboreum,95,N,N,0.989,TRUE,N95S
arboreum,245,G,G,1,TRUE,G245A
arboreum,309,I,I,0.955,TRUE,I309M
arboreum,340,E,D,0.999,FALSE,D340E
multifloru,43,T,T,0.999,TRUE,T43S
multifloru,95,S,N,0.989,FALSE,N95S
multifloru,245,G,G,1,TRUE,G245A
multifloru,309,M,I,0.955,FALSE,I309M
multifloru,340,E,D,0.999,FALSE,D340E
cymuliferu,43,T,T,0.999,TRUE,T43S
cymuliferu,95,N,N,0.989,TRUE,N95S
cymuliferu,245,-,G,1,NA,G245A
cymuliferu,309,-,I,0.955,NA,I309M
cymuliferu,340,-,D,0.999,NA,D340E
diasii,43,T,T,0.999,TRUE,T43S
diasii,95,S,N,0.989,FALSE,N95S
diasii,245,G,G,1,TRUE,G245A
diasii,309,M,I,0.955,FALSE,I309M
diasii,340,D,D,0.999,TRUE,D340E
tetragonum,43,T,T,0.999,TRUE,T43S
tetragonum,95,N,N,0.989,TRUE,N95S
tetragonum,245,A,G,1,FALSE,G245A
tetragonum,309,M,I,0.955,FALSE,I309M
tetragonum,340,D,D,0.999,TRUE,D340E
meyeri,43,T,T,0.999,TRUE,T43S
meyeri,95,S,N,0.989,FALSE,N95S
meyeri,245,G,G,1,TRUE,G245A
meyeri,309,M,I,0.955,FALSE,I309M
meyeri,340,D,D,0.999,TRUE,D340E
milleri,43,T,T,0.999,TRUE,T43S
milleri,95,S,N,0.989,FALSE,N95S
milleri,245,-,G,1,NA,G245A
milleri,309,-,I,0.955,NA,I309M
milleri,340,-,D,0.999,NA,D340E
carpetanic,43,T,T,0.999,TRUE,T43S
carpetanic,95,N,N,0.989,TRUE,N95S
carpetanic,245,-,G,1,NA,G245A
carpetanic,309,-,I,0.955,NA,I309M
carpetanic,340,-,D,0.999,NA,D340E
remotispic,43,T,T,0.999,TRUE,T43S
remotispic,95,S,N,0.989,FALSE,N95S
remotispic,245,A,G,1,FALSE,G245A
remotispic,309,M,I,0.955,FALSE,I309M
remotispic,340,E,D,0.999,FALSE,D340E
guaicuru,43,T,T,0.999,TRUE,T43S
guaicuru,95,S,N,0.989,FALSE,N95S
guaicuru,245,-,G,1,NA,G245A
guaicuru,309,-,I,0.955,NA,I309M
guaicuru,340,-,D,0.999,NA,D340E
sokotranum,43,T,T,0.999,TRUE,T43S
sokotranum,95,S,N,0.989,FALSE,N95S
sokotranum,245,-,G,1,NA,G245A
sokotranum,309,-,I,0.955,NA,I309M
sokotranum,340,-,D,0.999,NA,D340E
capense,43,T,T,0.999,TRUE,T43S
capense,95,N,N,0.989,TRUE,N95S
capense,245,G,G,1,TRUE,G245A
capense,309,M,I,0.955,FALSE,I309M
capense,340,D,D,0.999,TRUE,D340E
hoeltzeri,43,T,T,0.999,TRUE,T43S
hoeltzeri,95,S,N,0.989,FALSE,N95S
hoeltzeri,245,-,G,1,NA,G245A
hoeltzeri,309,-,I,0.955,NA,I309M
hoeltzeri,340,-,D,0.999,NA,D340E
pycnanthum,43,T,T,0.999,TRUE,T43S
pycnanthum,95,N,N,0.989,TRUE,N95S
pycnanthum,245,G,G,1,TRUE,G245A
pycnanthum,309,M,I,0.955,FALSE,I309M
pycnanthum,340,D,D,0.999,TRUE,D340E
stenotatum,43,-,T,0.999,NA,T43S
stenotatum,95,N,N,0.989,TRUE,N95S
stenotatum,245,G,G,1,TRUE,G245A
stenotatum,309,M,I,0.955,FALSE,I309M
stenotatum,340,D,D,0.999,TRUE,D340E
coronense,43,T,T,0.999,TRUE,T43S
coronense,95,S,N,0.989,FALSE,N95S
coronense,245,A,G,1,FALSE,G245A
coronense,309,M,I,0.955,FALSE,I309M
coronense,340,E,D,0.999,FALSE,D340E
aureum,43,T,T,0.999,TRUE,T43S
aureum,95,N,N,0.989,TRUE,N95S
aureum,245,A,G,1,FALSE,G245A
aureum,309,M,I,0.955,FALSE,I309M
aureum,340,D,D,0.999,TRUE,D340E
supinum,43,T,T,0.999,TRUE,T43S
supinum,95,S,N,0.989,FALSE,N95S
supinum,245,-,G,1,NA,G245A
supinum,309,-,I,0.955,NA,I309M
supinum,340,-,D,0.999,NA,D340E
kaschgaric,43,T,T,0.999,TRUE,T43S
kaschgaric,95,S,N,0.989,FALSE,N95S
kaschgaric,245,-,G,1,NA,G245A
kaschgaric,309,-,I,0.955,NA,I309M
kaschgaric,340,-,D,0.999,NA,D340E
cordatum,43,T,T,0.999,TRUE,T43S
cordatum,95,S,N,0.989,FALSE,N95S
cordatum,245,A,G,1,FALSE,G245A
cordatum,309,M,I,0.955,FALSE,I309M
cordatum,340,E,D,0.999,FALSE,D340E
cythereum,43,T,T,0.999,TRUE,T43S
cythereum,95,S,N,0.989,FALSE,N95S
cythereum,245,A,G,1,FALSE,G245A
cythereum,309,M,I,0.955,FALSE,I309M
cythereum,340,E,D,0.999,FALSE,D340E
latebracte,43,T,T,0.999,TRUE,T43S
latebracte,95,N,N,0.989,TRUE,N95S
latebracte,245,A,G,1,FALSE,G245A
latebracte,309,M,I,0.955,FALSE,I309M
latebracte,340,E,D,0.999,FALSE,D340E
limbatum,43,T,T,0.999,TRUE,T43S
limbatum,95,S,N,0.989,FALSE,N95S
limbatum,245,-,G,1,NA,G245A
limbatum,309,-,I,0.955,NA,I309M
limbatum,340,-,D,0.999,NA,D340E
toletanum,43,T,T,0.999,TRUE,T43S
toletanum,95,S,N,0.989,FALSE,N95S
toletanum,245,G,G,1,TRUE,G245A
toletanum,309,M,I,0.955,FALSE,I309M
toletanum,340,E,D,0.999,FALSE,D340E
hibericum,43,-,T,0.999,NA,T43S
hibericum,95,S,N,0.989,FALSE,N95S
hibericum,245,A,G,1,FALSE,G245A
hibericum,309,M,I,0.955,FALSE,I309M
hibericum,340,E,D,0.999,FALSE,D340E
brunneri,43,T,T,0.999,TRUE,T43S
brunneri,95,S,N,0.989,FALSE,N95S
brunneri,245,G,G,1,TRUE,G245A
brunneri,309,I,I,0.955,TRUE,I309M
brunneri,340,D,D,0.999,TRUE,D340E
lobinii,43,T,T,0.999,TRUE,T43S
lobinii,95,S,N,0.989,FALSE,N95S
lobinii,245,-,G,1,NA,G245A
lobinii,309,-,I,0.955,NA,I309M
lobinii,340,-,D,0.999,NA,D340E
circaei,43,T,T,0.999,TRUE,T43S
circaei,95,S,N,0.989,FALSE,N95S
circaei,245,A,G,1,FALSE,G245A
circaei,309,M,I,0.955,FALSE,I309M
circaei,340,E,D,0.999,FALSE,D340E
pruinosum,43,S,T,0.999,FALSE,T43S
pruinosum,95,N,N,0.989,TRUE,N95S
pruinosum,245,G,G,1,TRUE,G245A
pruinosum,309,M,I,0.955,FALSE,I309M
pruinosum,340,D,D,0.999,TRUE,D340E
papillatum,43,T,T,0.999,TRUE,T43S
papillatum,95,S,N,0.989,FALSE,N95S
papillatum,245,-,G,1,NA,G245A
papillatum,309,-,I,0.955,NA,I309M
papillatum,340,-,D,0.999,NA,D340E
insigne,43,S,T,0.999,FALSE,T43S
insigne,95,N,N,0.989,TRUE,N95S
insigne,245,G,G,1,TRUE,G245A
insigne,309,M,I,0.955,FALSE,I309M
insigne,340,D,D,0.999,TRUE,D340E
bonduellei,43,S,T,0.999,FALSE,T43S
bonduellei,95,N,N,0.989,TRUE,N95S
bonduellei,245,G,G,1,TRUE,G245A
bonduellei,309,I,I,0.955,TRUE,I309M
bonduellei,340,D,D,0.999,TRUE,D340E
saracinatu,43,T,T,0.999,TRUE,T43S
saracinatu,95,S,N,0.989,FALSE,N95S
saracinatu,245,A,G,1,FALSE,G245A
saracinatu,309,M,I,0.955,FALSE,I309M
saracinatu,340,E,D,0.999,FALSE,D340E
bourgeaui,43,S,T,0.999,FALSE,T43S
bourgeaui,95,N,N,0.989,TRUE,N95S
bourgeaui,245,G,G,1,TRUE,G245A
bourgeaui,309,M,I,0.955,FALSE,I309M
bourgeaui,340,E,D,0.999,FALSE,D340E
albomargin,43,T,T,0.999,TRUE,T43S
albomargin,95,S,N,0.989,FALSE,N95S
albomargin,245,A,G,1,FALSE,G245A
albomargin,309,M,I,0.955,FALSE,I309M
albomargin,340,E,D,0.999,FALSE,D340E
minoicum,43,T,T,0.999,TRUE,T43S
minoicum,95,S,N,0.989,FALSE,N95S
minoicum,245,A,G,1,FALSE,G245A
minoicum,309,M,I,0.955,FALSE,I309M
minoicum,340,E,D,0.999,FALSE,D340E
effusum,43,T,T,0.999,TRUE,T43S
effusum,95,S,N,0.989,FALSE,N95S
effusum,245,G,G,1,TRUE,G245A
effusum,309,M,I,0.955,FALSE,I309M
effusum,340,D,D,0.999,TRUE,D340E
latifolium,43,T,T,0.999,TRUE,T43S
latifolium,95,S,N,0.989,FALSE,N95S
latifolium,245,G,G,1,TRUE,G245A
latifolium,309,M,I,0.955,FALSE,I309M
latifolium,340,D,D,0.999,TRUE,D340E
aragonense,43,T,T,0.999,TRUE,T43S
aragonense,95,S,N,0.989,FALSE,N95S
aragonense,245,G,G,1,TRUE,G245A
aragonense,309,M,I,0.955,FALSE,I309M
aragonense,340,E,D,0.999,FALSE,D340E
lowei,43,T,T,0.999,TRUE,T43S
lowei,95,N,N,0.989,TRUE,N95S
lowei,245,G,G,1,TRUE,G245A
lowei,309,M,I,0.955,FALSE,I309M
lowei,340,E,D,0.999,FALSE,D340E
binervosum,43,T,T,0.999,TRUE,T43S
binervosum,95,S,N,0.989,FALSE,N95S
binervosum,245,G,G,1,TRUE,G245A
binervosum,309,M,I,0.955,FALSE,I309M
binervosum,340,E,D,0.999,FALSE,D340E
californic,43,T,T,0.999,TRUE,T43S
californic,95,S,N,0.989,FALSE,N95S
californic,245,G,G,1,TRUE,G245A
californic,309,M,I,0.955,FALSE,I309M
californic,340,D,D,0.999,TRUE,D340E
rigualii,43,T,T,0.999,TRUE,T43S
rigualii,95,N,N,0.989,TRUE,N95S
rigualii,245,-,G,1,NA,G245A
rigualii,309,-,I,0.955,NA,I309M
rigualii,340,-,D,0.999,NA,D340E
failachicu,43,T,T,0.999,TRUE,T43S
failachicu,95,N,N,0.989,TRUE,N95S
failachicu,245,G,G,1,TRUE,G245A
failachicu,309,M,I,0.955,FALSE,I309M
failachicu,340,D,D,0.999,TRUE,D340E
obtusifoli,43,T,T,0.999,TRUE,T43S
obtusifoli,95,S,N,0.989,FALSE,N95S
obtusifoli,245,A,G,1,FALSE,G245A
obtusifoli,309,M,I,0.955,FALSE,I309M
obtusifoli,340,E,D,0.999,FALSE,D340E
echioides,43,T,T,0.999,TRUE,T43S
echioides,95,N,N,0.989,TRUE,N95S
echioides,245,G,G,1,TRUE,G245A
echioides,309,I,I,0.955,TRUE,I309M
echioides,340,D,D,0.999,TRUE,D340E
bonifacien,43,T,T,0.999,TRUE,T43S
bonifacien,95,S,N,0.989,FALSE,N95S
bonifacien,245,A,G,1,FALSE,G245A
bonifacien,309,M,I,0.955,FALSE,I309M
bonifacien,340,E,D,0.999,FALSE,D340E
braunii,43,T,T,0.999,TRUE,T43S
braunii,95,S,N,0.989,FALSE,N95S
braunii,245,-,G,1,NA,G245A
braunii,309,-,I,0.955,NA,I309M
braunii,340,-,D,0.999,NA,D340E
lilacinum,43,T,T,0.999,TRUE,T43S
lilacinum,95,N,N,0.989,TRUE,N95S
lilacinum,245,G,G,1,TRUE,G245A
lilacinum,309,M,I,0.955,FALSE,I309M
lilacinum,340,D,D,0.999,TRUE,D340E
delicatulu,43,T,T,0.999,TRUE,T43S
delicatulu,95,N,N,0.989,TRUE,N95S
delicatulu,245,G,G,1,TRUE,G245A
delicatulu,309,M,I,0.955,FALSE,I309M
delicatulu,340,E,D,0.999,FALSE,D340E
preauxii,43,S,T,0.999,FALSE,T43S
preauxii,95,N,N,0.989,TRUE,N95S
preauxii,245,G,G,1,TRUE,G245A
preauxii,309,I,I,0.955,TRUE,I309M
preauxii,340,E,D,0.999,FALSE,D340E
suffrutico,43,T,T,0.999,TRUE,T43S
suffrutico,95,N,N,0.989,TRUE,N95S
suffrutico,245,-,G,1,NA,G245A
suffrutico,309,-,I,0.955,NA,I309M
suffrutico,340,-,D,0.999,NA,D340E
tunetanum,43,T,T,0.999,TRUE,T43S
tunetanum,95,N,N,0.989,TRUE,N95S
tunetanum,245,-,G,1,NA,G245A
tunetanum,309,-,I,0.955,NA,I309M
tunetanum,340,-,D,0.999,NA,D340E
nydeggeri,43,T,T,0.999,TRUE,T43S
nydeggeri,95,N,N,0.989,TRUE,N95S
nydeggeri,245,G,G,1,TRUE,G245A
nydeggeri,309,M,I,0.955,FALSE,I309M
nydeggeri,340,E,D,0.999,FALSE,D340E
oligotrich,43,S,T,0.999,FALSE,T43S
oligotrich,95,N,N,0.989,TRUE,N95S
oligotrich,245,G,G,1,TRUE,G245A
oligotrich,309,M,I,0.955,FALSE,I309M
oligotrich,340,D,D,0.999,TRUE,D340E
kardamylii,43,T,T,0.999,TRUE,T43S
kardamylii,95,S,N,0.989,FALSE,N95S
kardamylii,245,A,G,1,FALSE,G245A
kardamylii,309,M,I,0.955,FALSE,I309M
kardamylii,340,E,D,0.999,FALSE,D340E
recticaule,43,S,T,0.999,FALSE,T43S
recticaule,95,N,N,0.989,TRUE,N95S
recticaule,245,G,G,1,TRUE,G245A
recticaule,309,M,I,0.955,FALSE,I309M
recticaule,340,D,D,0.999,TRUE,D340E
santapolen,43,T,T,0.999,TRUE,T43S
santapolen,95,S,N,0.989,FALSE,N95S
santapolen,245,A,G,1,FALSE,G245A
santapolen,309,M,I,0.955,FALSE,I309M
santapolen,340,E,D,0.999,FALSE,D340E
creticum,43,S,T,0.999,FALSE,T43S
creticum,95,N,N,0.989,TRUE,N95S
creticum,245,G,G,1,TRUE,G245A
creticum,309,M,I,0.955,FALSE,I309M
creticum,340,D,D,0.999,TRUE,D340E
cornarianu,43,T,T,0.999,TRUE,T43S
cornarianu,95,S,N,0.989,FALSE,N95S
cornarianu,245,A,G,1,FALSE,G245A
cornarianu,309,M,I,0.955,FALSE,I309M
cornarianu,340,E,D,0.999,FALSE,D340E
pigadiense,43,T,T,0.999,TRUE,T43S
pigadiense,95,S,N,0.989,FALSE,N95S
pigadiense,245,A,G,1,FALSE,G245A
pigadiense,309,M,I,0.955,FALSE,I309M
pigadiense,340,E,D,0.999,FALSE,D340E
puberulum,43,S,T,0.999,FALSE,T43S
puberulum,95,N,N,0.989,TRUE,N95S
puberulum,245,G,G,1,TRUE,G245A
puberulum,309,M,I,0.955,FALSE,I309M
puberulum,340,E,D,0.999,FALSE,D340E
bocconei,43,T,T,0.999,TRUE,T43S
bocconei,95,S,N,0.989,FALSE,N95S
bocconei,245,A,G,1,FALSE,G245A
bocconei,309,M,I,0.955,FALSE,I309M
bocconei,340,E,D,0.999,FALSE,D340E
contortira,43,T,T,0.999,TRUE,T43S
contortira,95,S,N,0.989,FALSE,N95S
contortira,245,A,G,1,FALSE,G245A
contortira,309,M,I,0.955,FALSE,I309M
contortira,340,E,D,0.999,FALSE,D340E
tournefort,43,T,T,0.999,TRUE,T43S
tournefort,95,S,N,0.989,FALSE,N95S
tournefort,245,G,G,1,TRUE,G245A
tournefort,309,M,I,0.955,FALSE,I309M
tournefort,340,E,D,0.999,FALSE,D340E
longebract,43,T,T,0.999,TRUE,T43S
longebract,95,N,N,0.989,TRUE,N95S
longebract,245,G,G,1,TRUE,G245A
longebract,309,I,I,0.955,TRUE,I309M
longebract,340,D,D,0.999,TRUE,D340E
caesium,43,S,T,0.999,FALSE,T43S
caesium,95,N,N,0.989,TRUE,N95S
caesium,245,G,G,1,TRUE,G245A
caesium,309,M,I,0.955,FALSE,I309M
caesium,340,D,D,0.999,TRUE,D340E
solandri,43,T,T,0.999,TRUE,T43S
solandri,95,S,N,0.989,FALSE,N95S
solandri,245,G,G,1,TRUE,G245A
solandri,309,I,I,0.955,TRUE,I309M
solandri,340,D,D,0.999,TRUE,D340E
paulayanum,43,T,T,0.999,TRUE,T43S
paulayanum,95,S,N,0.989,FALSE,N95S
paulayanum,245,-,G,1,NA,G245A
paulayanum,309,-,I,0.955,NA,I309M
paulayanum,340,-,D,0.999,NA,D340E
bellidifol,43,T,T,0.999,TRUE,T43S
bellidifol,95,N,N,0.989,TRUE,N95S
bellidifol,245,G,G,1,TRUE,G245A
bellidifol,309,M,I,0.955,FALSE,I309M
bellidifol,340,D,D,0.999,TRUE,D340E
narbonense,43,T,T,0.999,TRUE,T43S
narbonense,95,S,N,0.989,FALSE,N95S
narbonense,245,G,G,1,TRUE,G245A
narbonense,309,M,I,0.955,FALSE,I309M
narbonense,340,D,D,0.999,TRUE,D340E
sougiae,43,S,T,0.999,FALSE,T43S
sougiae,95,N,N,0.989,TRUE,N95S
sougiae,245,-,G,1,NA,G245A
sougiae,309,-,I,0.955,NA,I309M
sougiae,340,-,D,0.999,NA,D340E
platyphyll,43,T,T,0.999,TRUE,T43S
platyphyll,95,S,N,0.989,FALSE,N95S
platyphyll,245,G,G,1,TRUE,G245A
platyphyll,309,M,I,0.955,FALSE,I309M
platyphyll,340,D,D,0.999,TRUE,D340E
carthagine,43,T,T,0.999,TRUE,T43S
carthagine,95,S,N,0.989,FALSE,N95S
carthagine,245,A,G,1,FALSE,G245A
carthagine,309,M,I,0.955,FALSE,I309M
carthagine,340,E,D,0.999,FALSE,D340E
otolepis,43,T,T,0.999,TRUE,T43S
otolepis,95,N,N,0.989,TRUE,N95S
otolepis,245,G,G,1,TRUE,G245A
otolepis,309,M,I,0.955,FALSE,I309M
otolepis,340,D,D,0.999,TRUE,D340E
cephalonic,43,T,T,0.999,TRUE,T43S
cephalonic,95,S,N,0.989,FALSE,N95S
cephalonic,245,A,G,1,FALSE,G245A
cephalonic,309,M,I,0.955,FALSE,I309M
cephalonic,340,E,D,0.999,FALSE,D340E
iranicum,43,T,T,0.999,TRUE,T43S
iranicum,95,N,N,0.989,TRUE,N95S
iranicum,245,-,G,1,NA,G245A
iranicum,309,-,I,0.955,NA,I309M
iranicum,340,-,D,0.999,NA,D340E
brassicifo,43,S,T,0.999,FALSE,T43S
brassicifo,95,N,N,0.989,TRUE,N95S
brassicifo,245,G,G,1,TRUE,G245A
brassicifo,309,I,I,0.955,TRUE,I309M
brassicifo,340,E,D,0.999,FALSE,D340E
ammophilon,43,S,T,0.999,FALSE,T43S
ammophilon,95,N,N,0.989,TRUE,N95S
ammophilon,245,G,G,1,TRUE,G245A
ammophilon,309,M,I,0.955,FALSE,I309M
ammophilon,340,D,D,0.999,TRUE,D340E
dichotomum,43,T,T,0.999,TRUE,T43S
dichotomum,95,S,N,0.989,FALSE,N95S
dichotomum,245,G,G,1,TRUE,G245A
dichotomum,309,M,I,0.955,FALSE,I309M
dichotomum,340,E,D,0.999,FALSE,D340E
pylium,43,T,T,0.999,TRUE,T43S
pylium,95,S,N,0.989,FALSE,N95S
pylium,245,A,G,1,FALSE,G245A
pylium,309,M,I,0.955,FALSE,I309M
pylium,340,E,D,0.999,FALSE,D340E
benmageci,43,S,T,0.999,FALSE,T43S
benmageci,95,N,N,0.989,TRUE,N95S
benmageci,245,G,G,1,TRUE,G245A
benmageci,309,I,I,0.955,TRUE,I309M
benmageci,340,E,D,0.999,FALSE,D340E
gymnesicum,43,T,T,0.999,TRUE,T43S
gymnesicum,95,S,N,0.989,FALSE,N95S
gymnesicum,245,A,G,1,FALSE,G245A
gymnesicum,309,M,I,0.955,FALSE,I309M
gymnesicum,340,E,D,0.999,FALSE,D340E
jovibarba,43,T,T,0.999,TRUE,T43S
jovibarba,95,N,N,0.989,TRUE,N95S
jovibarba,245,-,G,1,NA,G245A
jovibarba,309,-,I,0.955,NA,I309M
jovibarba,340,-,D,0.999,NA,D340E
dufourii,43,T,T,0.999,TRUE,T43S
dufourii,95,S,N,0.989,FALSE,N95S
dufourii,245,A,G,1,FALSE,G245A
dufourii,309,M,I,0.955,FALSE,I309M
dufourii,340,E,D,0.999,FALSE,D340E
sinuatum,43,S,T,0.999,FALSE,T43S
sinuatum,95,N,N,0.989,TRUE,N95S
sinuatum,245,G,G,1,TRUE,G245A
sinuatum,309,I,I,0.955,TRUE,I309M
sinuatum,340,D,D,0.999,TRUE,D340E
somalorum,43,T,T,0.999,TRUE,T43S
somalorum,95,S,N,0.989,FALSE,N95S
somalorum,245,G,G,1,TRUE,G245A
somalorum,309,M,I,0.955,FALSE,I309M
somalorum,340,D,D,0.999,TRUE,D340E
hungaricum,43,T,T,0.999,TRUE,T43S
hungaricum,95,S,N,0.989,FALSE,N95S
hungaricum,245,G,G,1,TRUE,G245A
hungaricum,309,M,I,0.955,FALSE,I309M
hungaricum,340,D,D,0.999,TRUE,D340E
confusum,43,T,T,0.999,TRUE,T43S
confusum,95,S,N,0.989,FALSE,N95S
confusum,245,A,G,1,FALSE,G245A
confusum,309,M,I,0.955,FALSE,I309M
confusum,340,E,D,0.999,FALSE,D340E
biflorum,43,T,T,0.999,TRUE,T43S
biflorum,95,S,N,0.989,FALSE,N95S
biflorum,245,A,G,1,FALSE,G245A
biflorum,309,M,I,0.955,FALSE,I309M
biflorum,340,E,D,0.999,FALSE,D340E
minutiflor,43,T,T,0.999,TRUE,T43S
minutiflor,95,S,N,0.989,FALSE,N95S
minutiflor,245,-,G,1,NA,G245A
minutiflor,309,-,I,0.955,NA,I309M
minutiflor,340,-,D,0.999,NA,D340E
calliopsiu,43,S,T,0.999,FALSE,T43S
calliopsiu,95,N,N,0.989,TRUE,N95S
calliopsiu,245,G,G,1,TRUE,G245A
calliopsiu,309,M,I,0.955,FALSE,I309M
calliopsiu,340,D,D,0.999,TRUE,D340E
densissimu,43,T,T,0.999,TRUE,T43S
densissimu,95,S,N,0.989,FALSE,N95S
densissimu,245,A,G,1,FALSE,G245A
densissimu,309,M,I,0.955,FALSE,I309M
densissimu,340,E,D,0.999,FALSE,D340E
rhumile,43,T,T,0.999,TRUE,T43S
rhumile,95,S,N,0.989,FALSE,N95S
rhumile,245,G,G,1,TRUE,G245A
rhumile,309,M,I,0.955,FALSE,I309M
rhumile,340,E,D,0.999,FALSE,D340E
ovalifoliu,43,T,T,0.999,TRUE,T43S
ovalifoliu,95,N,N,0.989,TRUE,N95S
ovalifoliu,245,G,G,1,TRUE,G245A
ovalifoliu,309,M,I,0.955,FALSE,I309M
ovalifoliu,340,E,D,0.999,FALSE,D340E
spreitzenh,43,S,T,0.999,FALSE,T43S
spreitzenh,95,N,N,0.989,TRUE,N95S
spreitzenh,245,G,G,1,TRUE,G245A
spreitzenh,309,M,I,0.955,FALSE,I309M
spreitzenh,340,D,D,0.999,TRUE,D340E
scopulorum,43,T,T,0.999,TRUE,T43S
scopulorum,95,S,N,0.989,FALSE,N95S
scopulorum,245,A,G,1,FALSE,G245A
scopulorum,309,M,I,0.955,FALSE,I309M
scopulorum,340,E,D,0.999,FALSE,D340E
sventenii,43,S,T,0.999,FALSE,T43S
sventenii,95,N,N,0.989,TRUE,N95S
sventenii,245,-,G,1,NA,G245A
sventenii,309,-,I,0.955,NA,I309M
sventenii,340,-,D,0.999,NA,D340E
redivivum,43,S,T,0.999,FALSE,T43S
redivivum,95,N,N,0.989,TRUE,N95S
redivivum,245,G,G,1,TRUE,G245A
redivivum,309,I,I,0.955,TRUE,I309M
redivivum,340,E,D,0.999,FALSE,D340E
vulgare,43,T,T,0.999,TRUE,T43S
vulgare,95,S,N,0.989,FALSE,N95S
vulgare,245,G,G,1,TRUE,G245A
vulgare,309,M,I,0.955,FALSE,I309M
vulgare,340,D,D,0.999,TRUE,D340E
palmyrense,43,T,T,0.999,TRUE,T43S
palmyrense,95,N,N,0.989,TRUE,N95S
palmyrense,245,-,G,1,NA,G245A
palmyrense,309,-,I,0.955,NA,I309M
palmyrense,340,-,D,0.999,NA,D340E
gmelini,43,T,T,0.999,TRUE,T43S
gmelini,95,S,N,0.989,FALSE,N95S
gmelini,245,G,G,1,TRUE,G245A
gmelini,309,M,I,0.955,FALSE,I309M
gmelini,340,D,D,0.999,TRUE,D340E
cossonianu,43,T,T,0.999,TRUE,T43S
cossonianu,95,N,N,0.989,TRUE,N95S
cossonianu,245,G,G,1,TRUE,G245A
cossonianu,309,M,I,0.955,FALSE,I309M
cossonianu,340,E,D,0.999,FALSE,D340E
fallax,43,T,T,0.999,TRUE,T43S
fallax,95,S,N,0.989,FALSE,N95S
fallax,245,-,G,1,NA,G245A
fallax,309,-,I,0.955,NA,I309M
fallax,340,-,D,0.999,NA,D340E
humile,43,T,T,0.999,TRUE,T43S
humile,95,S,N,0.989,FALSE,N95S
humile,245,-,G,1,NA,G245A
humile,309,-,I,0.955,NA,I309M
humile,340,-,D,0.999,NA,D340E
girardianu,43,T,T,0.999,TRUE,T43S
girardianu,95,N,N,0.989,TRUE,N95S
girardianu,245,G,G,1,TRUE,G245A
girardianu,309,M,I,0.955,FALSE,I309M
girardianu,340,E,D,0.999,FALSE,D340E
anatolicum,43,T,T,0.999,TRUE,T43S
anatolicum,95,N,N,0.989,TRUE,N95S
anatolicum,245,G,G,1,TRUE,G245A
anatolicum,309,M,I,0.955,FALSE,I309M
anatolicum,340,D,D,0.999,TRUE,D340E
sieberi,43,T,T,0.999,TRUE,T43S
sieberi,95,S,N,0.989,FALSE,N95S
sieberi,245,A,G,1,FALSE,G245A
sieberi,309,M,I,0.955,FALSE,I309M
sieberi,340,E,D,0.999,FALSE,D340E
xiliense,43,S,T,0.999,FALSE,T43S
xiliense,95,N,N,0.989,TRUE,N95S
xiliense,245,G,G,1,TRUE,G245A
xiliense,309,M,I,0.955,FALSE,I309M
xiliense,340,D,D,0.999,TRUE,D340E
craterifor,43,S,T,0.999,FALSE,T43S
craterifor,95,N,N,0.989,TRUE,N95S
craterifor,245,G,G,1,TRUE,G245A
craterifor,309,M,I,0.955,FALSE,I309M
craterifor,340,D,D,0.999,TRUE,D340E
meandrinum,43,T,T,0.999,TRUE,T43S
meandrinum,95,S,N,0.989,FALSE,N95S
meandrinum,245,A,G,1,FALSE,G245A
meandrinum,309,M,I,0.955,FALSE,I309M
meandrinum,340,E,D,0.999,FALSE,D340E
bollei,43,T,T,0.999,TRUE,T43S
bollei,95,N,N,0.989,TRUE,N95S
bollei,245,G,G,1,TRUE,G245A
bollei,309,M,I,0.955,FALSE,I309M
bollei,340,E,D,0.999,FALSE,D340E
frutescens,43,-,T,0.999,NA,T43S
frutescens,95,N,N,0.989,TRUE,N95S
frutescens,245,G,G,1,TRUE,G245A
frutescens,309,I,I,0.955,TRUE,I309M
frutescens,340,E,D,0.999,FALSE,D340E
relicticum,43,S,T,0.999,FALSE,T43S
relicticum,95,N,N,0.989,TRUE,N95S
relicticum,245,G,G,1,TRUE,G245A
relicticum,309,I,I,0.955,TRUE,I309M
relicticum,340,E,D,0.999,FALSE,D340E
brevipetio,43,T,T,0.999,TRUE,T43S
brevipetio,95,S,N,0.989,FALSE,N95S
brevipetio,245,G,G,1,TRUE,G245A
brevipetio,309,M,I,0.955,FALSE,I309M
brevipetio,340,D,D,0.999,TRUE,D340E
mouretii,43,S,T,0.999,FALSE,T43S
mouretii,95,N,N,0.989,TRUE,N95S
mouretii,245,G,G,1,TRUE,G245A
mouretii,309,M,I,0.955,FALSE,I309M
mouretii,340,E,D,0.999,FALSE,D340E
cosyrense,43,T,T,0.999,TRUE,T43S
cosyrense,95,S,N,0.989,FALSE,N95S
cosyrense,245,A,G,1,FALSE,G245A
cosyrense,309,M,I,0.955,FALSE,I309M
cosyrense,340,E,D,0.999,FALSE,D340E
virgatum,43,T,T,0.999,TRUE,T43S
virgatum,95,S,N,0.989,FALSE,N95S
virgatum,245,A,G,1,FALSE,G245A
virgatum,309,M,I,0.955,FALSE,I309M
virgatum,340,E,D,0.999,FALSE,D340E
globulifer,43,T,T,0.999,TRUE,T43S
globulifer,95,N,N,0.989,TRUE,N95S
globulifer,245,G,G,1,TRUE,G245A
globulifer,309,M,I,0.955,FALSE,I309M
globulifer,340,D,D,0.999,TRUE,D340E
tuberculat,43,S,T,0.999,FALSE,T43S
tuberculat,95,N,N,0.989,TRUE,N95S
tuberculat,245,G,G,1,TRUE,G245A
tuberculat,309,M,I,0.955,FALSE,I309M
tuberculat,340,D,D,0.999,TRUE,D340E
sp2,43,T,T,0.999,TRUE,T43S
sp2,95,S,N,0.989,FALSE,N95S
sp2,245,A,G,1,FALSE,G245A
sp2,309,M,I,0.955,FALSE,I309M
sp2,340,E,D,0.999,FALSE,D340E
hyblaeum,43,T,T,0.999,TRUE,T43S
hyblaeum,95,S,N,0.989,FALSE,N95S
hyblaeum,245,A,G,1,FALSE,G245A
hyblaeum,309,M,I,0.955,FALSE,I309M
hyblaeum,340,E,D,0.999,FALSE,D340E
erectum,43,T,T,0.999,TRUE,T43S
erectum,95,S,N,0.989,FALSE,N95S
erectum,245,G,G,1,TRUE,G245A
erectum,309,M,I,0.955,FALSE,I309M
erectum,340,E,D,0.999,FALSE,D340E
tabernense,43,T,T,0.999,TRUE,T43S
tabernense,95,N,N,0.989,TRUE,N95S
tabernense,245,-,G,1,NA,G245A
tabernense,309,-,I,0.955,NA,I309M
tabernense,340,-,D,0.999,NA,D340E
beaumieria,43,S,T,0.999,FALSE,T43S
beaumieria,95,N,N,0.989,TRUE,N95S
beaumieria,245,G,G,1,TRUE,G245A
beaumieria,309,I,I,0.955,TRUE,I309M
beaumieria,340,D,D,0.999,TRUE,D340E
axillare,43,T,T,0.999,TRUE,T43S
axillare,95,S,N,0.989,FALSE,N95S
axillare,245,G,G,1,TRUE,G245A
axillare,309,M,I,0.955,FALSE,I309M
axillare,340,D,D,0.999,TRUE,D340E
pseudebusi,43,T,T,0.999,TRUE,T43S
pseudebusi,95,S,N,0.989,FALSE,N95S
pseudebusi,245,A,G,1,FALSE,G245A
pseudebusi,309,M,I,0.955,FALSE,I309M
pseudebusi,340,E,D,0.999,FALSE,D340E
aphroditae,43,T,T,0.999,TRUE,T43S
aphroditae,95,S,N,0.989,FALSE,N95S
aphroditae,245,A,G,1,FALSE,G245A
aphroditae,309,M,I,0.955,FALSE,I309M
aphroditae,340,E,D,0.999,FALSE,D340E
plurisquam,43,T,T,0.999,TRUE,T43S
plurisquam,95,S,N,0.989,FALSE,N95S
plurisquam,245,G,G,1,TRUE,G245A
plurisquam,309,M,I,0.955,FALSE,I309M
plurisquam,340,E,D,0.999,FALSE,D340E
compactum,43,T,T,0.999,TRUE,T43S
compactum,95,S,N,0.989,FALSE,N95S
compactum,245,G,G,1,TRUE,G245A
compactum,309,M,I,0.955,FALSE,I309M
compactum,340,D,D,0.999,TRUE,D340E
sundingii,43,T,T,0.999,TRUE,T43S
sundingii,95,N,N,0.989,TRUE,N95S
sundingii,245,-,G,1,NA,G245A
sundingii,309,-,I,0.955,NA,I309M
sundingii,340,-,D,0.999,NA,D340E
corsicum,43,T,T,0.999,TRUE,T43S
corsicum,95,S,N,0.989,FALSE,N95S
corsicum,245,A,G,1,FALSE,G245A
corsicum,309,M,I,0.955,FALSE,I309M
corsicum,340,E,D,0.999,FALSE,D340E
macrophyll,43,S,T,0.999,FALSE,T43S
macrophyll,95,N,N,0.989,TRUE,N95S
macrophyll,245,G,G,1,TRUE,G245A
macrophyll,309,I,I,0.955,TRUE,I309M
macrophyll,340,E,D,0.999,FALSE,D340E
lobatum,43,-,T,0.999,NA,T43S
lobatum,95,N,N,0.989,TRUE,N95S
lobatum,245,G,G,1,TRUE,G245A
lobatum,309,-,I,0.955,NA,I309M
lobatum,340,-,D,0.999,NA,D340E
sp1,43,T,T,0.999,TRUE,T43S
sp1,95,N,N,0.989,TRUE,N95S
sp1,245,G,G,1,TRUE,G245A
sp1,309,M,I,0.955,FALSE,I309M
sp1,340,D,D,0.999,TRUE,D340E
amopicum,43,S,T,0.999,FALSE,T43S
amopicum,95,N,N,0.989,TRUE,N95S
amopicum,245,G,G,1,TRUE,G245A
amopicum,309,M,I,0.955,FALSE,I309M
amopicum,340,D,D,0.999,TRUE,D340E
furfuraceu,43,T,T,0.999,TRUE,T43S
furfuraceu,95,S,N,0.989,FALSE,N95S
furfuraceu,245,A,G,1,FALSE,G245A
furfuraceu,309,M,I,0.955,FALSE,I309M
furfuraceu,340,E,D,0.999,FALSE,D340E
mucronatum,43,T,T,0.999,TRUE,T43S
mucronatum,95,S,N,0.989,FALSE,N95S
mucronatum,245,-,G,1,NA,G245A
mucronatum,309,-,I,0.955,NA,I309M
mucronatum,340,-,D,0.999,NA,D340E
divaricatu,43,T,T,0.999,TRUE,T43S
divaricatu,95,S,N,0.989,FALSE,N95S
divaricatu,245,G,G,1,TRUE,G245A
divaricatu,309,I,I,0.955,TRUE,I309M
divaricatu,340,D,D,0.999,TRUE,D340E
daveaui,43,T,T,0.999,TRUE,T43S
daveaui,95,S,N,0.989,FALSE,N95S
daveaui,245,G,G,1,TRUE,G245A
daveaui,309,M,I,0.955,FALSE,I309M
daveaui,340,E,D,0.999,FALSE,D340E
tenellum,43,T,T,0.999,TRUE,T43S
tenellum,95,N,N,0.989,TRUE,N95S
tenellum,245,A,G,1,FALSE,G245A
tenellum,309,M,I,0.955,FALSE,I309M
tenellum,340,D,D,0.999,TRUE,D340E
estevei,43,T,T,0.999,TRUE,T43S
estevei,95,N,N,0.989,TRUE,N95S
estevei,245,G,G,1,TRUE,G245A
estevei,309,M,I,0.955,FALSE,I309M
estevei,340,E,D,0.999,FALSE,D340E
articulatu,43,T,T,0.999,TRUE,T43S
articulatu,95,S,N,0.989,FALSE,N95S
articulatu,245,A,G,1,FALSE,G245A
articulatu,309,M,I,0.955,FALSE,I309M
articulatu,340,E,D,0.999,FALSE,D340E
peregrinum,43,T,T,0.999,TRUE,T43S
peregrinum,95,N,N,0.989,TRUE,N95S
peregrinum,245,-,G,1,NA,G245A
peregrinum,309,-,I,0.955,NA,I309M
peregrinum,340,-,D,0.999,NA,D340E
dodartii,43,T,T,0.999,TRUE,T43S
dodartii,95,S,N,0.989,FALSE,N95S
dodartii,245,G,G,1,TRUE,G245A
dodartii,309,M,I,0.955,FALSE,I309M
dodartii,340,E,D,0.999,FALSE,D340E
dendroides,43,T,T,0.999,TRUE,T43S
dendroides,95,S,N,0.989,FALSE,N95S
dendroides,245,G,G,1,TRUE,G245A
dendroides,309,I,I,0.955,TRUE,I309M
dendroides,340,D,D,0.999,TRUE,D340E
purpuratum,43,T,T,0.999,TRUE,T43S
purpuratum,95,N,N,0.989,TRUE,N95S
purpuratum,245,G,G,1,TRUE,G245A
purpuratum,309,M,I,0.955,FALSE,I309M
purpuratum,340,D,D,0.999,TRUE,D340E
spectabile,43,S,T,0.999,FALSE,T43S
spectabile,95,N,N,0.989,TRUE,N95S
spectabile,245,G,G,1,TRUE,G245A
spectabile,309,I,I,0.955,TRUE,I309M
spectabile,340,E,D,0.999,FALSE,D340E
sarcophyll,43,T,T,0.999,TRUE,T43S
sarcophyll,95,S,N,0.989,FALSE,N95S
sarcophyll,245,-,G,1,NA,G245A
sarcophyll,309,-,I,0.955,NA,I309M
sarcophyll,340,-,D,0.999,NA,D340E
