ShortName,76,95,157,219,225,226,230,249,251,255,262,279,309,317,328,340,449,472,475,461
luzonicum,S,T,S,L,L,F,A,E,M,V,A,T,M,G,A,D,S,V,I,V
lautum,N,S,V,C,L,Y,A,D,M,V,V,T,M,A,A,E,S,M,L,V
plicatum,S,T,V,L,L,Y,T,E,M,V,V,T,M,A,S,D,S,M,L,V
tinoides,N,S,V,C,L,Y,A,D,M,V,V,T,M,A,A,E,-,-,-,-
cassinoide,S,S,V,L,L,Y,A,D,M,V,V,T,M,A,A,E,S,M,L,V
clemensiae,N,S,V,V,L,Y,A,E,M,V,V,S,M,A,A,E,C,M,L,V
brachybotr,S,S,V,L,L,Y,A,E,M,I,V,S,M,A,A,E,C,-,-,V
atrocyaneu,S,S,V,L,I,Y,A,D,M,V,V,T,M,A,A,E,C,M,I,V
colebrooke,S,S,V,L,L,Y,T,E,I,V,V,S,M,A,A,E,S,M,L,V
ichangense,S,T,V,L,I,Y,A,D,M,V,V,T,M,A,A,D,C,M,I,V
hispidulum,S,S,V,V,I,Y,A,E,M,V,V,T,M,A,G,E,S,M,I,V
ayavacense,S,S,V,-,-,-,-,-,-,-,-,-,-,-,-,-,-,-,-,-
obtusatum,S,S,V,C,L,Y,A,D,M,V,T,T,-,-,-,-,-,-,-,-
punctatum,S,S,V,V,I,Y,A,E,M,I,V,T,M,G,A,E,C,M,L,V
dilatatum,S,T,S,L,L,F,A,E,M,I,A,T,M,G,A,D,S,V,I,V
betulifoli,S,T,V,L,I,Y,A,D,M,V,V,T,M,A,A,D,A,M,I,V
phlebotric,S,T,V,L,L,F,A,E,M,I,A,T,M,G,A,D,S,V,I,V
ellipticum,S,S,V,L,I,Y,A,D,M,V,V,T,M,A,A,D,C,M,I,V
brachyandr,S,T,S,L,L,F,A,E,M,I,A,T,M,G,A,D,S,V,I,V
toronis,S,S,V,C,L,Y,A,D,M,V,V,T,M,A,A,E,S,M,L,V
mongolicum,S,S,V,L,I,Y,A,D,M,V,V,T,M,A,A,E,C,M,L,V
cylindricu,S,T,V,L,I,Y,A,D,M,V,V,T,M,A,A,D,C,-,-,V
urceolatum,S,S,V,L,L,Y,T,D,M,I,V,T,M,A,A,E,S,M,L,V
obtectum,N,S,V,-,-,-,-,-,-,-,-,-,-,-,-,-,-,-,-,-
setigerum,S,T,S,L,L,F,A,E,M,V,A,T,M,G,A,D,S,V,I,V
foetidum,S,T,V,L,L,Y,A,D,M,V,V,T,M,A,A,D,A,M,I,V
erubescens,S,S,V,L,L,Y,A,E,M,V,V,T,M,A,A,E,C,M,L,V
mullaha,S,T,V,L,L,Y,A,D,M,V,V,T,M,A,A,D,A,M,I,V
chinshanen,S,S,V,L,L,Y,A,D,M,V,V,T,M,A,A,E,C,M,L,V
stenocalyx,N,S,V,C,I,Y,A,D,M,V,V,T,M,A,A,E,S,M,L,V
lantana,S,T,V,L,I,Y,A,D,M,V,V,T,M,A,A,E,C,M,L,V
prunifoliu,S,S,V,L,I,Y,A,D,M,V,V,T,M,A,A,E,S,M,L,V
divaricatu,N,S,V,-,-,-,-,-,-,-,-,-,-,-,-,-,-,-,-,-
henryi,S,S,V,L,L,Y,A,D,M,V,V,S,M,A,A,E,C,M,-,V
dentatum,S,S,V,V,I,Y,A,D,M,V,V,T,M,A,A,E,A,M,I,V
glomeratum,S,S,V,L,L,Y,A,D,M,V,V,T,M,A,A,E,C,M,L,V
microphyll,N,S,V,C,I,Y,A,D,M,V,V,T,M,A,A,E,S,M,L,V
flavescens,S,T,V,L,I,Y,A,D,M,V,V,T,M,A,A,D,C,M,I,V
calvum,S,S,V,L,I,Y,A,D,M,V,V,T,M,A,A,E,C,M,I,V
scabrellum,S,S,V,V,I,Y,A,D,M,V,V,T,-,-,-,-,-,-,-,-
lutescens,S,S,V,L,L,Y,T,E,I,V,V,S,M,A,A,E,S,M,L,V
loeseneri,N,S,V,C,I,Y,A,D,M,V,V,T,M,A,A,E,S,M,L,V
brevipes,S,T,S,-,-,-,-,-,-,-,-,-,-,-,-,-,-,-,-,-
rafinesqui,S,S,V,L,I,Y,A,D,M,V,V,T,M,A,A,D,C,M,I,V
integrifol,S,T,S,L,L,F,A,E,M,V,A,T,M,G,A,D,S,V,I,V
glaberrimu,S,S,V,V,I,Y,A,E,M,V,V,T,M,A,G,E,S,-,-,V
pyramidatu,S,S,V,L,L,Y,T,E,I,V,V,S,M,A,A,E,S,M,L,V
sieboldii,S,S,V,L,L,Y,T,E,I,V,V,S,M,A,S,E,S,M,L,V
sulcatum,N,S,V,C,L,Y,A,D,M,V,V,T,-,-,-,-,-,-,-,-
ternatum,S,S,V,V,I,Y,A,E,M,V,V,T,M,A,A,E,C,M,I,V
subalpinum,S,S,V,L,L,Y,A,E,I,V,V,T,M,A,S,E,C,M,L,V
hebanthum,S,T,V,L,I,Y,A,D,M,V,V,T,M,A,A,D,C,M,I,V
utile,S,S,V,L,I,Y,A,D,M,V,V,T,M,A,A,E,C,M,L,V
taiwanianu,S,S,V,L,L,Y,T,D,M,I,V,T,M,A,A,E,S,M,L,V
rufidulum,S,S,V,L,I,Y,A,D,M,V,V,T,M,A,A,E,S,M,L,V
lepidotulu,S,S,V,V,I,Y,A,E,M,I,V,T,M,G,A,E,C,V,-,V
disjunctum,S,S,V,C,L,Y,A,D,M,V,T,T,M,A,A,E,S,M,-,V
hallii,N,S,V,-,-,-,-,-,-,-,-,-,-,-,-,-,-,-,-,-
triphyllum,N,S,V,C,L,Y,A,D,M,V,V,T,M,A,A,E,S,M,L,V
grandiflor,S,S,V,L,I,Y,A,E,I,V,V,S,I,A,S,E,C,M,-,V
buddleifol,S,S,V,L,L,Y,A,D,M,V,V,T,M,A,A,E,C,M,L,V
awabuki,S,S,V,L,L,Y,T,E,I,V,V,S,M,A,A,E,S,M,-,V
edule,S,S,V,L,I,Y,A,E,M,V,V,T,I,A,A,E,C,M,I,V
erosum,S,T,S,L,L,F,A,E,M,I,A,T,M,G,A,D,S,V,I,V
venustum,S,S,V,-,-,-,-,-,-,-,-,-,-,-,-,-,-,-,-,-
microcarpu,N,S,V,-,-,-,-,-,-,-,-,-,-,-,-,-,-,-,-,-
taitoense,S,S,V,L,L,Y,A,E,M,V,V,T,M,A,A,E,C,M,-,V
sambucinum,S,S,V,V,I,Y,A,D,M,V,V,T,M,A,A,D,C,M,I,V
davidii,S,S,V,L,I,Y,A,D,M,V,V,T,M,A,A,E,C,M,-,V
acutifoliu,N,S,V,C,L,Y,A,D,M,V,V,T,-,-,-,-,-,-,-,-
leiocarpum,S,S,V,V,I,Y,A,D,M,V,V,T,M,A,A,D,C,M,I,V
furcatum,N,S,V,L,L,Y,A,D,M,V,V,T,M,A,A,E,C,-,-,V
schensianu,S,S,V,L,I,Y,A,D,M,V,V,T,M,A,A,E,C,M,L,V
tinus,S,S,V,L,I,Y,A,E,M,V,A,S,M,G,A,E,C,M,L,I
wrightii,S,T,V,L,L,F,A,E,M,I,A,T,M,G,A,D,S,V,I,V
trilobum,S,S,V,L,I,F,A,E,I,V,V,S,I,A,A,D,S,M,I,V
treleasei,S,S,V,L,I,F,A,-,-,-,-,-,-,-,-,-,-,-,-,-
sympodiale,N,S,V,L,L,Y,A,D,M,V,V,T,-,-,-,-,-,-,-,-
anamensis,S,T,S,L,L,F,A,E,M,V,A,T,M,G,A,D,S,V,I,V
odoratissi,S,S,V,L,L,Y,T,E,I,V,V,S,M,A,A,E,S,M,I,V
coriaceum,S,T,V,L,I,Y,A,D,M,V,V,T,M,A,A,D,C,M,I,V
bitchiuens,S,T,V,L,I,Y,A,D,M,V,V,T,M,A,A,E,C,M,L,V
propinquum,S,S,V,L,L,Y,A,D,M,V,V,T,M,A,A,E,C,M,L,V
adenophoru,S,T,S,L,L,F,A,E,M,I,A,T,M,G,A,D,S,V,I,V
seemenii,S,S,V,-,-,-,-,-,-,-,-,-,-,-,-,-,-,-,-,-
discolor,N,S,V,-,-,-,-,-,-,-,-,-,-,-,-,-,-,-,-,-
macrocepha,S,S,V,L,I,Y,A,D,M,V,V,T,M,A,A,E,C,M,L,V
formosanum,S,T,S,L,L,F,A,E,M,I,A,T,M,G,A,D,S,V,-,V
lobophyllu,S,T,V,L,I,Y,A,D,M,V,V,T,M,A,A,D,C,M,I,V
yunnanense,S,S,V,L,L,Y,A,E,M,V,V,T,M,A,A,E,C,M,L,V
veitchii,S,S,V,L,L,Y,A,D,M,V,V,T,-,-,-,-,-,-,-,-
villosum,S,S,V,-,-,-,-,-,-,-,-,-,-,-,-,-,-,-,-,-
bracteatum,S,S,V,L,I,Y,A,D,M,V,V,T,M,A,A,D,C,M,I,V
stipitatum,N,S,V,-,-,-,-,-,-,-,-,-,-,-,-,-,-,-,-,-
cotinifoli,S,S,V,L,I,Y,A,D,M,V,V,T,M,A,A,E,C,M,-,V
oliganthum,S,S,V,L,L,Y,A,E,M,V,V,T,M,A,A,E,C,M,L,V
recognitum,S,S,V,-,-,-,-,-,-,-,-,-,-,-,-,-,-,-,-,-
suspensum,S,S,V,L,L,Y,A,E,M,V,V,T,M,A,A,E,C,M,L,V
beccarii,S,S,V,V,I,Y,A,E,M,V,V,T,M,A,G,E,S,V,I,V
australe,S,S,V,-,-,-,-,-,-,-,-,-,-,-,-,-,-,-,-,-
blandum,N,S,V,C,I,Y,A,D,M,V,V,T,M,G,A,E,S,M,L,I
jucundum,N,S,V,C,L,Y,A,D,M,V,V,T,M,A,A,E,S,M,L,V
jamesonii,N,S,V,C,L,Y,A,D,M,V,V,T,M,A,A,E,S,M,L,V
rugosum,S,S,V,L,I,Y,A,E,M,V,A,S,M,G,A,E,C,M,L,I
lasiophyll,-,-,-,-,-,-,-,D,M,V,V,T,M,A,A,E,S,M,L,V
carlesii,S,T,V,L,I,Y,A,D,M,V,V,T,M,A,A,E,C,M,L,V
stellato-t,S,S,V,C,L,Y,A,D,M,V,T,T,M,A,A,E,S,M,L,V
nudum,S,S,V,L,L,Y,A,D,M,V,V,T,M,A,A,E,S,M,L,V
lantanoide,S,S,V,L,I,Y,A,E,M,I,A,S,M,A,A,E,C,M,I,I
orientale,S,T,V,L,L,F,A,E,M,I,A,T,M,G,A,D,A,M,I,V
hanceanum,S,S,V,L,L,Y,T,E,M,V,V,T,M,A,S,D,S,-,-,V
undulatum,N,S,V,C,L,Y,A,D,M,V,V,T,M,A,A,E,S,M,L,V
burejaetic,S,T,V,L,I,Y,A,D,M,V,V,T,M,A,A,E,C,M,L,V
sempervire,S,T,S,L,L,F,A,E,M,V,A,T,M,G,A,D,S,V,I,V
farreri,S,S,V,L,L,Y,A,E,M,V,V,T,M,A,A,E,C,M,L,V
japonicum,S,T,S,L,L,F,A,E,M,V,A,T,M,G,A,D,S,V,I,V
inopinatum,S,S,V,V,I,Y,A,D,M,V,V,T,M,A,A,D,C,M,I,V
foetens,S,S,V,L,L,Y,A,E,I,V,V,S,I,A,S,E,C,M,-,V
anabaptist,N,S,V,C,L,Y,A,D,M,V,V,T,M,A,A,E,S,M,-,V
opulus,S,S,V,L,I,F,A,D,M,V,V,T,-,-,-,-,-,-,-,-
elatum,S,S,V,L,I,Y,A,D,M,V,V,T,-,-,-,-,-,-,-,-
parvifoliu,S,T,S,L,L,F,A,E,M,V,A,T,M,G,A,D,S,V,I,V
amplificat,S,S,V,L,L,Y,T,E,I,V,V,T,M,A,A,E,C,V,-,V
lentago,S,S,V,L,I,Y,A,D,M,V,V,T,M,A,A,E,S,M,L,V
obovatum,S,S,V,L,I,Y,A,D,M,V,V,T,M,A,A,E,S,M,L,V
subsessile,N,S,V,C,L,Y,A,D,M,V,V,T,M,A,A,E,-,-,-,-
cinnamomif,S,S,V,V,I,Y,A,D,M,V,V,T,M,A,A,E,C,M,I,V
fordiae,S,T,S,L,L,F,A,E,M,I,A,T,M,G,A,D,S,V,I,V
vernicosum,S,S,V,V,I,Y,A,E,M,V,V,T,M,A,G,E,S,M,I,V
chingii,S,S,V,L,L,Y,A,E,M,V,V,T,M,A,A,E,C,M,L,V
maculatum,S,T,V,L,I,Y,A,D,M,V,V,T,M,A,A,E,C,M,L,V
pichinchen,N,S,V,-,-,-,-,-,-,-,-,-,-,-,-,-,-,-,-,-
brevitubum,S,S,V,L,L,Y,A,E,M,V,V,T,M,A,A,E,C,M,L,V
ciliatum,N,S,V,-,-,-,-,-,-,-,-,-,-,-,-,-,-,-,-,-
nervosum,S,S,V,L,L,Y,A,E,I,V,V,S,I,A,S,E,C,M,L,V
kansuense,S,T,V,L,I,Y,A,D,M,V,V,T,M,A,A,D,C,M,I,V
tashiroi,S,T,S,L,L,F,A,E,M,V,A,T,M,G,A,D,S,V,I,V
hupehense,-,-,-,-,-,-,-,D,M,V,V,T,M,A,A,D,A,M,I,V
corylifoli,S,T,S,L,L,F,A,E,M,V,A,T,M,G,A,D,S,V,-,V
amplifoliu,S,S,V,L,L,Y,A,E,I,V,V,S,M,A,A,E,S,M,L,V
sargentii,S,S,V,L,I,F,A,D,M,V,V,T,M,A,A,D,S,M,I,V
glabratum,N,S,V,C,L,Y,A,D,M,V,V,T,M,A,A,E,S,M,-,V
lancifoliu,S,T,S,-,-,-,-,-,-,-,-,-,-,-,-,-,-,-,-,-
molle,S,S,V,L,I,Y,A,D,M,V,V,T,M,A,A,D,C,M,I,V
congestum,S,S,V,L,L,Y,A,D,M,V,V,T,M,A,A,E,C,M,L,V
rhytidophy,S,S,V,L,L,Y,A,D,M,V,V,T,M,A,A,E,C,M,L,V
melanocarp,S,T,V,L,I,Y,A,D,M,V,V,T,M,A,A,D,C,M,I,V
acerifoliu,S,S,V,L,I,Y,A,D,M,V,V,T,M,A,A,E,S,M,L,V
