usageKey,scientificName,canonicalName,rank,status,confidence,matchType,kingdom,phylum,order,family,genus,species,kingdomKey,phylumKey,classKey,orderKey,familyKey,genusKey,speciesKey,synonym,class,acceptedUsageKey,verbatim_name
5285180,Pinus gerardiana Wall. ex D.Don,Pinus gerardiana,SPECIES,ACCEPTED,97,EXACT,Plantae,Tracheophyta,Pinales,Pinaceae,Pinus,Pinus gerardiana,6,7707728,194,640,3925,2684241,5285180,FALSE,Pinopsida,NA,Pinus gerardiana
8622559,Pinus gerardiana Wall.,Pinus gerardiana,SPECIES,SYNONYM,97,EXACT,Plantae,Tracheophyta,Pinales,Pinaceae,Pinus,Pinus gerardiana,6,7707728,194,640,3925,2684241,5285180,TRUE,Pinopsida,5285180,Pinus gerardiana
5285595,Pinus muricata D.Don,Pinus muricata,SPECIES,ACCEPTED,97,EXACT,Plantae,Tracheophyta,Pinales,Pinaceae,Pinus,Pinus muricata,6,7707728,194,640,3925,2684241,5285595,FALSE,Pinopsida,NA,Pinus muricata
7999472,Pinus muricata Bol.,Pinus muricata,SPECIES,SYNONYM,97,EXACT,Plantae,Tracheophyta,Pinales,Pinaceae,Pinus,Pinus contorta,6,7707728,194,640,3925,2684241,5285750,TRUE,Pinopsida,5285751,Pinus muricata
5284809,Pinus nigra J.F.Arnold,Pinus nigra,SPECIES,ACCEPTED,97,EXACT,Plantae,Tracheophyta,Pinales,Pinaceae,Pinus,Pinus nigra,6,7707728,194,640,3925,2684241,5284809,FALSE,Pinopsida,NA,Pinus nigra
8196507,Pinus nigra Aiton,Pinus nigra,SPECIES,SYNONYM,97,EXACT,Plantae,Tracheophyta,Pinales,Pinaceae,Picea,Picea mariana,6,7707728,194,640,3925,7606064,5284802,TRUE,Pinopsida,5284802,Pinus nigra
7707645,Pinus nigra Link,Pinus nigra,SPECIES,SYNONYM,97,EXACT,Plantae,Tracheophyta,Pinales,Pinaceae,Pinus,Pinus nigra,6,7707728,194,640,3925,2684241,5284809,TRUE,Pinopsida,7230699,Pinus nigra
5285824,Pinus kesiya Royle ex Gordon,Pinus kesiya,SPECIES,ACCEPTED,97,EXACT,Plantae,Tracheophyta,Pinales,Pinaceae,Pinus,Pinus kesiya,6,7707728,194,640,3925,2684241,5285824,FALSE,Pinopsida,NA,Pinus kesiya
8453008,Pinus kesiya Royle,Pinus kesiya,SPECIES,SYNONYM,97,EXACT,Plantae,Tracheophyta,Pinales,Pinaceae,Pinus,Pinus kesiya,6,7707728,194,640,3925,2684241,5285824,TRUE,Pinopsida,5285824,Pinus kesiya
11257441,Pinus kesiya Royle ex Godr.,Pinus kesiya,SPECIES,DOUBTFUL,96,EXACT,Plantae,Tracheophyta,Pinales,Pinaceae,Pinus,Pinus kesiya,6,7707728,194,640,3925,2684241,11257441,FALSE,Pinopsida,NA,Pinus kesiya
5285565,Pinus pinaster Aiton,Pinus pinaster,SPECIES,ACCEPTED,98,EXACT,Plantae,Tracheophyta,Pinales,Pinaceae,Pinus,Pinus pinaster,6,7707728,194,640,3925,2684241,5285565,FALSE,Pinopsida,NA,Pinus pinaster
7862383,"Pinus pinaster Besser, 1809",Pinus pinaster,SPECIES,DOUBTFUL,96,EXACT,Plantae,Tracheophyta,Pinales,Pinaceae,Pinus,Pinus pinaster,6,7707728,194,640,3925,2684241,7862383,FALSE,Pinopsida,NA,Pinus pinaster
7729407,"Pinus pinaster Loudon, 1838",Pinus pinaster,SPECIES,DOUBTFUL,96,EXACT,Plantae,Tracheophyta,Pinales,Pinaceae,Pinus,Pinus pinaster,6,7707728,194,640,3925,2684241,7729407,FALSE,Pinopsida,NA,Pinus pinaster
7642160,Pinus pinaster Soland.,Pinus pinaster,SPECIES,DOUBTFUL,96,EXACT,Plantae,Tracheophyta,Pinales,Pinaceae,Pinus,Pinus pinaster,6,7707728,194,640,3925,2684241,7642160,FALSE,Pinopsida,NA,Pinus pinaster
5285816,Pinus palustris Mill.,Pinus palustris,SPECIES,ACCEPTED,99,EXACT,Plantae,Tracheophyta,Pinales,Pinaceae,Pinus,Pinus palustris,6,7707728,194,640,3925,2684241,5285816,FALSE,Pinopsida,NA,Pinus palustris
5285086,Pinus remota (Little) D.K.Bailey & Hawksw.,Pinus remota,SPECIES,ACCEPTED,99,EXACT,Plantae,Tracheophyta,Pinales,Pinaceae,Pinus,Pinus remota,6,7707728,194,640,3925,2684241,5285086,FALSE,Pinopsida,NA,Pinus remota
5285261,Pinus montezumae Lamb.,Pinus montezumae,SPECIES,ACCEPTED,97,EXACT,Plantae,Tracheophyta,Pinales,Pinaceae,Pinus,Pinus montezumae,6,7707728,194,640,3925,2684241,5285261,FALSE,Pinopsida,NA,Pinus montezumae
11349498,Pinus montezumae Godr.,Pinus montezumae,SPECIES,SYNONYM,97,EXACT,Plantae,Tracheophyta,Pinales,Pinaceae,Pinus,Pinus hartwegii,6,7707728,194,640,3925,2684241,5285141,TRUE,Pinopsida,5285141,Pinus montezumae
7463410,Pinus montezumae Gordon & Glend.,Pinus montezumae,SPECIES,SYNONYM,97,EXACT,Plantae,Tracheophyta,Pinales,Pinaceae,Pinus,Pinus hartwegii,6,7707728,194,640,3925,2684241,5285141,TRUE,Pinopsida,5285141,Pinus montezumae
7639383,"Pinus montezumae D.Don, 1832",Pinus montezumae,SPECIES,DOUBTFUL,96,EXACT,Plantae,Tracheophyta,Pinales,Pinaceae,Pinus,Pinus montezumae,6,7707728,194,640,3925,2684241,7639383,FALSE,Pinopsida,NA,Pinus montezumae
5285176,Pinus jaliscana Pérez de la Rosa,Pinus jaliscana,SPECIES,ACCEPTED,99,EXACT,Plantae,Tracheophyta,Pinales,Pinaceae,Pinus,Pinus jaliscana,6,7707728,194,640,3925,2684241,5285176,FALSE,Pinopsida,NA,Pinus jaliscana
5285104,Pinus densiflora Siebold & Zucc.,Pinus densiflora,SPECIES,ACCEPTED,99,EXACT,Plantae,Tracheophyta,Pinales,Pinaceae,Pinus,Pinus densiflora,6,7707728,194,640,3925,2684241,5285104,FALSE,Pinopsida,NA,Pinus densiflora
5284999,Pinus kwangtungensis Chun & Tsiang,Pinus kwangtungensis,SPECIES,SYNONYM,98,EXACT,Plantae,Tracheophyta,Pinales,Pinaceae,Pinus,Pinus fenzeliana,6,7707728,194,640,3925,2684241,5284993,TRUE,Pinopsida,5284993,Pinus kwangtungensis
5285004,Pinus strobiformis Engelm.,Pinus strobiformis,SPECIES,ACCEPTED,99,EXACT,Plantae,Tracheophyta,Pinales,Pinaceae,Pinus,Pinus strobiformis,6,7707728,194,640,3925,2684241,5285004,FALSE,Pinopsida,NA,Pinus strobiformis
5285836,Pinus ayacahuite Ehrenb. ex Schltdl.,Pinus ayacahuite,SPECIES,ACCEPTED,98,EXACT,Plantae,Tracheophyta,Pinales,Pinaceae,Pinus,Pinus ayacahuite,6,7707728,194,640,3925,2684241,5285836,FALSE,Pinopsida,NA,Pinus ayacahuite
7671673,Pinus ayacahuite Ehrend.,Pinus ayacahuite,SPECIES,DOUBTFUL,96,EXACT,Plantae,Tracheophyta,Pinales,Pinaceae,Pinus,Pinus ayacahuite,6,7707728,194,640,3925,2684241,7671673,FALSE,Pinopsida,NA,Pinus ayacahuite
5285385,Pinus mugo Turra,Pinus mugo,SPECIES,ACCEPTED,99,EXACT,Plantae,Tracheophyta,Pinales,Pinaceae,Pinus,Pinus mugo,6,7707728,194,640,3925,2684241,5285385,FALSE,Pinopsida,NA,Pinus mugo
5285256,Pinus aristata Engelm.,Pinus aristata,SPECIES,ACCEPTED,99,EXACT,Plantae,Tracheophyta,Pinales,Pinaceae,Pinus,Pinus aristata,6,7707728,194,640,3925,2684241,5285256,FALSE,Pinopsida,NA,Pinus aristata
5285192,Pinus densata Mast.,Pinus densata,SPECIES,ACCEPTED,99,EXACT,Plantae,Tracheophyta,Pinales,Pinaceae,Pinus,Pinus densata,6,7707728,194,640,3925,2684241,5285192,FALSE,Pinopsida,NA,Pinus densata
5285091,Pinus virginiana Mill.,Pinus virginiana,SPECIES,ACCEPTED,99,EXACT,Plantae,Tracheophyta,Pinales,Pinaceae,Pinus,Pinus virginiana,6,7707728,194,640,3925,2684241,5285091,FALSE,Pinopsida,NA,Pinus virginiana
5285538,Pinus morrisonicola Hayata,Pinus morrisonicola,SPECIES,ACCEPTED,99,EXACT,Plantae,Tracheophyta,Pinales,Pinaceae,Pinus,Pinus morrisonicola,6,7707728,194,640,3925,2684241,5285538,FALSE,Pinopsida,NA,Pinus morrisonicola
5285215,Pinus massoniana Lamb.,Pinus massoniana,SPECIES,ACCEPTED,97,EXACT,Plantae,Tracheophyta,Pinales,Pinaceae,Pinus,Pinus massoniana,6,7707728,194,640,3925,2684241,5285215,FALSE,Pinopsida,NA,Pinus massoniana
8340540,Pinus massoniana Siebold & Zucc.,Pinus massoniana,SPECIES,SYNONYM,97,EXACT,Plantae,Tracheophyta,Pinales,Pinaceae,Pinus,Pinus thunbergii,6,7707728,194,640,3925,2684241,5285799,TRUE,Pinopsida,5285799,Pinus massoniana
10987870,Pinus massoniana D.Don,Pinus massoniana,SPECIES,DOUBTFUL,96,EXACT,Plantae,Tracheophyta,Pinales,Pinaceae,Pinus,Pinus massoniana,6,7707728,194,640,3925,2684241,10987870,FALSE,Pinopsida,NA,Pinus massoniana
5285170,Pinus praetermissa Styles & McVaugh,Pinus praetermissa,SPECIES,ACCEPTED,99,EXACT,Plantae,Tracheophyta,Pinales,Pinaceae,Pinus,Pinus praetermissa,6,7707728,194,640,3925,2684241,5285170,FALSE,Pinopsida,NA,Pinus praetermissa
5285220,Pinus oocarpa Schiede ex Schltdl.,Pinus oocarpa,SPECIES,ACCEPTED,98,EXACT,Plantae,Tracheophyta,Pinales,Pinaceae,Pinus,Pinus oocarpa,6,7707728,194,640,3925,2684241,5285220,FALSE,Pinopsida,NA,Pinus oocarpa
8069175,Pinus oocarpa Schiede,Pinus oocarpa,SPECIES,DOUBTFUL,96,EXACT,Plantae,Tracheophyta,Pinales,Pinaceae,Pinus,Pinus oocarpa,6,7707728,194,640,3925,2684241,8069175,FALSE,Pinopsida,NA,Pinus oocarpa
5285128,Pinus latteri Mason,Pinus latteri,SPECIES,ACCEPTED,99,EXACT,Plantae,Tracheophyta,Pinales,Pinaceae,Pinus,Pinus latteri,6,7707728,194,640,3925,2684241,5285128,FALSE,Pinopsida,NA,Pinus latteri
5285233,Pinus teocote Schiede ex Schltdl. & Cham.,Pinus teocote,SPECIES,ACCEPTED,97,EXACT,Plantae,Tracheophyta,Pinales,Pinaceae,Pinus,Pinus teocote,6,7707728,194,640,3925,2684241,5285233,FALSE,Pinopsida,NA,Pinus teocote
8674361,Pinus teocote Schiede,Pinus teocote,SPECIES,SYNONYM,97,EXACT,Plantae,Tracheophyta,Pinales,Pinaceae,Pinus,Pinus teocote,6,7707728,194,640,3925,2684241,5285233,TRUE,Pinopsida,5285233,Pinus teocote
5285633,Pinus wangii H.H.Hu & W.C.Cheng,Pinus wangii,SPECIES,ACCEPTED,99,EXACT,Plantae,Tracheophyta,Pinales,Pinaceae,Pinus,Pinus wangii,6,7707728,194,640,3925,2684241,5285633,FALSE,Pinopsida,NA,Pinus wangii
5285053,Pinus ponderosa Douglas ex C.Lawson,Pinus ponderosa,SPECIES,ACCEPTED,97,EXACT,Plantae,Tracheophyta,Pinales,Pinaceae,Pinus,Pinus ponderosa,6,7707728,194,640,3925,2684241,5285053,FALSE,Pinopsida,NA,Pinus ponderosa
7908414,Pinus ponderosa Douglas,Pinus ponderosa,SPECIES,SYNONYM,97,EXACT,Plantae,Tracheophyta,Pinales,Pinaceae,Pinus,Pinus ponderosa,6,7707728,194,640,3925,2684241,5285053,TRUE,Pinopsida,5285053,Pinus ponderosa
11058681,"Pinus ponderosa Douglas ex Loudon, 1838",Pinus ponderosa,SPECIES,DOUBTFUL,96,EXACT,Plantae,Tracheophyta,Pinales,Pinaceae,Pinus,Pinus ponderosa,6,7707728,194,640,3925,2684241,11058681,FALSE,Pinopsida,NA,Pinus ponderosa
5285359,Pinus tabuliformis Carrière,Pinus tabuliformis,SPECIES,ACCEPTED,99,EXACT,Plantae,Tracheophyta,Pinales,Pinaceae,Pinus,Pinus tabuliformis,6,7707728,194,640,3925,2684241,5285359,FALSE,Pinopsida,NA,Pinus tabuliformis
5285118,Pinus nelsonii Shaw,Pinus nelsonii,SPECIES,ACCEPTED,99,EXACT,Plantae,Tracheophyta,Pinales,Pinaceae,Pinus,Pinus nelsonii,6,7707728,194,640,3925,2684241,5285118,FALSE,Pinopsida,NA,Pinus nelsonii
5285172,Pinus cembroides Zucc.,Pinus cembroides,SPECIES,ACCEPTED,97,EXACT,Plantae,Tracheophyta,Pinales,Pinaceae,Pinus,Pinus cembroides,6,7707728,194,640,3925,2684241,5285172,FALSE,Pinopsida,NA,Pinus cembroides
8070133,Pinus cembroides Newb.,Pinus cembroides,SPECIES,SYNONYM,97,EXACT,Plantae,Tracheophyta,Pinales,Pinaceae,Pinus,Pinus albicaulis,6,7707728,194,640,3925,2684241,5285183,TRUE,Pinopsida,5285183,Pinus cembroides
7363454,Pinus cembroides Gord.,Pinus cembroides,SPECIES,DOUBTFUL,96,EXACT,Plantae,Tracheophyta,Pinales,Pinaceae,Pinus,Pinus cembroides,6,7707728,194,640,3925,2684241,7363454,FALSE,Pinopsida,NA,Pinus cembroides
5284989,Pinus lambertiana Douglas,Pinus lambertiana,SPECIES,ACCEPTED,98,EXACT,Plantae,Tracheophyta,Pinales,Pinaceae,Pinus,Pinus lambertiana,6,7707728,194,640,3925,2684241,5284989,FALSE,Pinopsida,NA,Pinus lambertiana
7420990,"Pinus lambertiana Douglas ex R.Taylor & R.Phillips, 1827",Pinus lambertiana,SPECIES,DOUBTFUL,96,EXACT,Plantae,Tracheophyta,Pinales,Pinaceae,Pinus,Pinus lambertiana,6,7707728,194,640,3925,2684241,7420990,FALSE,Pinopsida,NA,Pinus lambertiana
5285796,Pinus edulis Engelm.,Pinus edulis,SPECIES,ACCEPTED,99,EXACT,Plantae,Tracheophyta,Pinales,Pinaceae,Pinus,Pinus edulis,6,7707728,194,640,3925,2684241,5285796,FALSE,Pinopsida,NA,Pinus edulis
5285117,Pinus culminicola Andresen & Beaman,Pinus culminicola,SPECIES,ACCEPTED,99,EXACT,Plantae,Tracheophyta,Pinales,Pinaceae,Pinus,Pinus culminicola,6,7707728,194,640,3925,2684241,5285117,FALSE,Pinopsida,NA,Pinus culminicola
5285141,Pinus hartwegii Lindl.,Pinus hartwegii,SPECIES,ACCEPTED,99,EXACT,Plantae,Tracheophyta,Pinales,Pinaceae,Pinus,Pinus hartwegii,6,7707728,194,640,3925,2684241,5285141,FALSE,Pinopsida,NA,Pinus hartwegii
5285219,Pinus pringlei Shaw,Pinus pringlei,SPECIES,ACCEPTED,99,EXACT,Plantae,Tracheophyta,Pinales,Pinaceae,Pinus,Pinus pringlei,6,7707728,194,640,3925,2684241,5285219,FALSE,Pinopsida,NA,Pinus pringlei
5285241,Pinus taeda L.,Pinus taeda,SPECIES,ACCEPTED,97,EXACT,Plantae,Tracheophyta,Pinales,Pinaceae,Pinus,Pinus taeda,6,7707728,194,640,3925,2684241,5285241,FALSE,Pinopsida,NA,Pinus taeda
7428605,Pinus taeda Blanco,Pinus taeda,SPECIES,SYNONYM,97,EXACT,Plantae,Tracheophyta,Pinales,Pinaceae,Pinus,Pinus kesiya,6,7707728,194,640,3925,2684241,5285824,TRUE,Pinopsida,5285825,Pinus taeda
5285632,Pinus maximartinezii Rzed.,Pinus maximartinezii,SPECIES,ACCEPTED,99,EXACT,Plantae,Tracheophyta,Pinales,Pinaceae,Pinus,Pinus maximartinezii,6,7707728,194,640,3925,2684241,5285632,FALSE,Pinopsida,NA,Pinus maximartinezii
5285183,Pinus albicaulis Engelm.,Pinus albicaulis,SPECIES,ACCEPTED,99,EXACT,Plantae,Tracheophyta,Pinales,Pinaceae,Pinus,Pinus albicaulis,6,7707728,194,640,3925,2684241,5285183,FALSE,Pinopsida,NA,Pinus albicaulis
5285122,Pinus quadrifolia Parl. ex Sudw.,Pinus quadrifolia,SPECIES,ACCEPTED,97,EXACT,Plantae,Tracheophyta,Pinales,Pinaceae,Pinus,Pinus quadrifolia,6,7707728,194,640,3925,2684241,5285122,FALSE,Pinopsida,NA,Pinus quadrifolia
8552077,Pinus quadrifolia Parry,Pinus quadrifolia,SPECIES,SYNONYM,97,EXACT,Plantae,Tracheophyta,Pinales,Pinaceae,Pinus,Pinus quadrifolia,6,7707728,194,640,3925,2684241,7912346,TRUE,Pinopsida,7912346,Pinus quadrifolia
7912346,"Pinus quadrifolia Parry ex Parl., 1868",Pinus quadrifolia,SPECIES,DOUBTFUL,96,EXACT,Plantae,Tracheophyta,Pinales,Pinaceae,Pinus,Pinus quadrifolia,6,7707728,194,640,3925,2684241,7912346,FALSE,Pinopsida,NA,Pinus quadrifolia
8892957,Pinus jeffreyi Balf.,Pinus jeffreyi,SPECIES,ACCEPTED,98,EXACT,Plantae,Tracheophyta,Pinales,Pinaceae,Pinus,Pinus jeffreyi,6,7707728,194,640,3925,2684241,8892957,FALSE,Pinopsida,NA,Pinus jeffreyi
5285010,Pinus jeffreyi A.MurrayBis,Pinus jeffreyi,SPECIES,DOUBTFUL,96,EXACT,Plantae,Tracheophyta,Pinales,Pinaceae,Pinus,Pinus jeffreyi,6,7707728,194,640,3925,2684241,5285010,FALSE,Pinopsida,NA,Pinus jeffreyi
7623744,"Pinus jeffreyi, 1853",Pinus jeffreyi,SPECIES,DOUBTFUL,96,EXACT,Plantae,Tracheophyta,Pinales,Pinaceae,Pinus,Pinus jeffreyi,6,7707728,194,640,3925,2684241,7623744,FALSE,Pinopsida,NA,Pinus jeffreyi
5285777,Pinus elliottii Engelm.,Pinus elliottii,SPECIES,ACCEPTED,99,EXACT,Plantae,Tracheophyta,Pinales,Pinaceae,Pinus,Pinus elliottii,6,7707728,194,640,3925,2684241,5285777,FALSE,Pinopsida,NA,Pinus elliottii
5285629,Pinus tecunumanii Eguiluz & J.P.Perry,Pinus tecunumanii,SPECIES,ACCEPTED,99,EXACT,Plantae,Tracheophyta,Pinales,Pinaceae,Pinus,Pinus tecunumanii,6,7707728,194,640,3925,2684241,5285629,FALSE,Pinopsida,NA,Pinus tecunumanii
5285783,Pinus yunnanensis Franch.,Pinus yunnanensis,SPECIES,ACCEPTED,99,EXACT,Plantae,Tracheophyta,Pinales,Pinaceae,Pinus,Pinus yunnanensis,6,7707728,194,640,3925,2684241,5285783,FALSE,Pinopsida,NA,Pinus yunnanensis
5285740,Pinus caribaea Morelet,Pinus caribaea,SPECIES,ACCEPTED,99,EXACT,Plantae,Tracheophyta,Pinales,Pinaceae,Pinus,Pinus caribaea,6,7707728,194,640,3925,2684241,5285740,FALSE,Pinopsida,NA,Pinus caribaea
5285140,Pinus glabra Walter,Pinus glabra,SPECIES,ACCEPTED,99,EXACT,Plantae,Tracheophyta,Pinales,Pinaceae,Pinus,Pinus glabra,6,7707728,194,640,3925,2684241,5285140,FALSE,Pinopsida,NA,Pinus glabra
5285196,Pinus douglasiana Martínez,Pinus douglasiana,SPECIES,ACCEPTED,99,EXACT,Plantae,Tracheophyta,Pinales,Pinaceae,Pinus,Pinus douglasiana,6,7707728,194,640,3925,2684241,5285196,FALSE,Pinopsida,NA,Pinus douglasiana
5285750,Pinus contorta Douglas ex Loudon,Pinus contorta,SPECIES,ACCEPTED,97,EXACT,Plantae,Tracheophyta,Pinales,Pinaceae,Pinus,Pinus contorta,6,7707728,194,640,3925,2684241,5285750,FALSE,Pinopsida,NA,Pinus contorta
7617264,Pinus contorta Douglas,Pinus contorta,SPECIES,SYNONYM,97,EXACT,Plantae,Tracheophyta,Pinales,Pinaceae,Pinus,Pinus contorta,6,7707728,194,640,3925,2684241,5285750,TRUE,Pinopsida,5285750,Pinus contorta
8405446,"Pinus contorta Bol., 1866",Pinus contorta,SPECIES,DOUBTFUL,96,EXACT,Plantae,Tracheophyta,Pinales,Pinaceae,Pinus,Pinus contorta,6,7707728,194,640,3925,2684241,8405446,FALSE,Pinopsida,NA,Pinus contorta
5285497,Pinus attenuata Lemmon,Pinus attenuata,SPECIES,ACCEPTED,99,EXACT,Plantae,Tracheophyta,Pinales,Pinaceae,Pinus,Pinus attenuata,6,7707728,194,640,3925,2684241,5285497,FALSE,Pinopsida,NA,Pinus attenuata
5285324,Pinus echinata Mill.,Pinus echinata,SPECIES,ACCEPTED,97,EXACT,Plantae,Tracheophyta,Pinales,Pinaceae,Pinus,Pinus echinata,6,7707728,194,640,3925,2684241,5285324,FALSE,Pinopsida,NA,Pinus echinata
8065059,Pinus echinata Carrière,Pinus echinata,SPECIES,SYNONYM,97,EXACT,Plantae,Tracheophyta,Pinales,Pinaceae,Pinus,Pinus mugo,6,7707728,194,640,3925,2684241,5285385,TRUE,Pinopsida,5285385,Pinus echinata
5285134,Pinus cembra L.,Pinus cembra,SPECIES,ACCEPTED,97,EXACT,Plantae,Tracheophyta,Pinales,Pinaceae,Pinus,Pinus cembra,6,7707728,194,640,3925,2684241,5285134,FALSE,Pinopsida,NA,Pinus cembra
7393282,Pinus cembra Thunb.,Pinus cembra,SPECIES,SYNONYM,97,EXACT,Plantae,Tracheophyta,Pinales,Pinaceae,Pinus,Pinus parviflora,6,7707728,194,640,3925,2684241,5285589,TRUE,Pinopsida,7230684,Pinus cembra
5285113,Pinus coulteri D.Don,Pinus coulteri,SPECIES,ACCEPTED,99,EXACT,Plantae,Tracheophyta,Pinales,Pinaceae,Pinus,Pinus coulteri,6,7707728,194,640,3925,2684241,5285113,FALSE,Pinopsida,NA,Pinus coulteri
5285203,Pinus armandii Franch.,Pinus armandii,SPECIES,ACCEPTED,99,EXACT,Plantae,Tracheophyta,Pinales,Pinaceae,Pinus,Pinus armandii,6,7707728,194,640,3925,2684241,5285203,FALSE,Pinopsida,NA,Pinus armandii
5285165,Pinus pinea L.,Pinus pinea,SPECIES,ACCEPTED,98,EXACT,Plantae,Tracheophyta,Pinales,Pinaceae,Pinus,Pinus pinea,6,7707728,194,640,3925,2684241,5285165,FALSE,Pinopsida,NA,Pinus pinea
8290979,"Pinus pinea Gordon, 1858",Pinus pinea,SPECIES,DOUBTFUL,96,EXACT,Plantae,Tracheophyta,Pinales,Pinaceae,Pinus,Pinus pinea,6,7707728,194,640,3925,2684241,8290979,FALSE,Pinopsida,NA,Pinus pinea
7768786,Pinus pinea Hablitz,Pinus pinea,SPECIES,DOUBTFUL,96,EXACT,Plantae,Tracheophyta,Pinales,Pinaceae,Pinus,Pinus pinea,6,7707728,194,640,3925,2684241,7768786,FALSE,Pinopsida,NA,Pinus pinea
5285708,Pinus balfouriana Balf.,Pinus balfouriana,SPECIES,ACCEPTED,98,EXACT,Plantae,Tracheophyta,Pinales,Pinaceae,Pinus,Pinus balfouriana,6,7707728,194,640,3925,2684241,5285708,FALSE,Pinopsida,NA,Pinus balfouriana
9476089,Pinus balfouriana A.Murray bis et al.,Pinus balfouriana,SPECIES,DOUBTFUL,96,EXACT,Plantae,Tracheophyta,Pinales,Pinaceae,Pinus,Pinus balfouriana,6,7707728,194,640,3925,2684241,9476089,FALSE,Pinopsida,NA,Pinus balfouriana
7427414,"Pinus balfouriana, 1853",Pinus balfouriana,SPECIES,DOUBTFUL,96,EXACT,Plantae,Tracheophyta,Pinales,Pinaceae,Pinus,Pinus balfouriana,6,7707728,194,640,3925,2684241,7427414,FALSE,Pinopsida,NA,Pinus balfouriana
5285090,Pinus patula Schiede ex Schltdl. & Cham.,Pinus patula,SPECIES,ACCEPTED,97,EXACT,Plantae,Tracheophyta,Pinales,Pinaceae,Pinus,Pinus patula,6,7707728,194,640,3925,2684241,5285090,FALSE,Pinopsida,NA,Pinus patula
7716824,Pinus patula Seem.,Pinus patula,SPECIES,SYNONYM,97,EXACT,Plantae,Tracheophyta,Pinales,Pinaceae,Pinus,Pinus lumholtzii,6,7707728,194,640,3925,2684241,5285228,TRUE,Pinopsida,5285228,Pinus patula
8542472,Pinus patula Schiede & Deppe ex Schiede.,Pinus patula,SPECIES,DOUBTFUL,96,EXACT,Plantae,Tracheophyta,Pinales,Pinaceae,Pinus,Pinus patula,6,7707728,194,640,3925,2684241,8542472,FALSE,Pinopsida,NA,Pinus patula
5285635,Pinus rigida Mill.,Pinus rigida,SPECIES,ACCEPTED,97,EXACT,Plantae,Tracheophyta,Pinales,Pinaceae,Pinus,Pinus rigida,6,7707728,194,640,3925,2684241,5285635,FALSE,Pinopsida,NA,Pinus rigida
8024833,Pinus rigida Hook. & Arn.,Pinus rigida,SPECIES,SYNONYM,97,EXACT,Plantae,Tracheophyta,Pinales,Pinaceae,Pinus,Pinus radiata,6,7707728,194,640,3925,2684241,5285727,TRUE,Pinopsida,7230692,Pinus rigida
8182218,Pinus rigida Porcher,Pinus rigida,SPECIES,DOUBTFUL,96,EXACT,Plantae,Tracheophyta,Pinales,Pinaceae,Pinus,Pinus rigida,6,7707728,194,640,3925,2684241,8182218,FALSE,Pinopsida,NA,Pinus rigida
5285776,Pinus rzedowskii Madrigal & M.Caball.,Pinus rzedowskii,SPECIES,ACCEPTED,99,EXACT,Plantae,Tracheophyta,Pinales,Pinaceae,Pinus,Pinus rzedowskii,6,7707728,194,640,3925,2684241,5285776,FALSE,Pinopsida,NA,Pinus rzedowskii
5285139,Pinus pungens Lamb.,Pinus pungens,SPECIES,ACCEPTED,98,EXACT,Plantae,Tracheophyta,Pinales,Pinaceae,Pinus,Pinus pungens,6,7707728,194,640,3925,2684241,5285139,FALSE,Pinopsida,NA,Pinus pungens
7551802,Pinus pungens Lamb. ex Michx.,Pinus pungens,SPECIES,DOUBTFUL,96,EXACT,Plantae,Tracheophyta,Pinales,Pinaceae,Pinus,Pinus pungens,6,7707728,194,640,3925,2684241,7551802,FALSE,Pinopsida,NA,Pinus pungens
5686897,Pinus discolor D.K.Bailey & Hawksw.,Pinus discolor,SPECIES,ACCEPTED,99,EXACT,Plantae,Tracheophyta,Pinales,Pinaceae,Pinus,Pinus discolor,6,7707728,194,640,3925,2684241,5686897,FALSE,Pinopsida,NA,Pinus discolor
5285058,Pinus engelmannii Carrière,Pinus engelmannii,SPECIES,ACCEPTED,97,EXACT,Plantae,Tracheophyta,Pinales,Pinaceae,Pinus,Pinus engelmannii,6,7707728,194,640,3925,2684241,5285058,FALSE,Pinopsida,NA,Pinus engelmannii
8101292,Pinus engelmannii Torr.,Pinus engelmannii,SPECIES,SYNONYM,97,EXACT,Plantae,Tracheophyta,Pinales,Pinaceae,Pinus,Pinus ponderosa,6,7707728,194,640,3925,2684241,5285053,TRUE,Pinopsida,7230697,Pinus engelmannii
5285589,Pinus parviflora Siebold & Zucc.,Pinus parviflora,SPECIES,ACCEPTED,99,EXACT,Plantae,Tracheophyta,Pinales,Pinaceae,Pinus,Pinus parviflora,6,7707728,194,640,3925,2684241,5285589,FALSE,Pinopsida,NA,Pinus parviflora
5285637,Pinus sylvestris L.,Pinus sylvestris,SPECIES,ACCEPTED,98,EXACT,Plantae,Tracheophyta,Pinales,Pinaceae,Pinus,Pinus sylvestris,6,7707728,194,640,3925,2684241,5285637,FALSE,Pinopsida,NA,Pinus sylvestris
7393648,"Pinus sylvestris Baumg., 1816",Pinus sylvestris,SPECIES,DOUBTFUL,96,EXACT,Plantae,Tracheophyta,Pinales,Pinaceae,Pinus,Pinus sylvestris,6,7707728,194,640,3925,2684241,7393648,FALSE,Pinopsida,NA,Pinus sylvestris
7718215,"Pinus sylvestris Gouan, 1764",Pinus sylvestris,SPECIES,DOUBTFUL,96,EXACT,Plantae,Tracheophyta,Pinales,Pinaceae,Pinus,Pinus sylvestris,6,7707728,194,640,3925,2684241,7718215,FALSE,Pinopsida,NA,Pinus sylvestris
8251433,"Pinus sylvestris Herb., 1793",Pinus sylvestris,SPECIES,DOUBTFUL,96,EXACT,Plantae,Tracheophyta,Pinales,Pinaceae,Pinus,Pinus sylvestris,6,7707728,194,640,3925,2684241,8251433,FALSE,Pinopsida,NA,Pinus sylvestris
9079676,"Pinus sylvestris Lour., 1790",Pinus sylvestris,SPECIES,DOUBTFUL,96,EXACT,Plantae,Tracheophyta,Pinales,Pinaceae,Pinus,Pinus sylvestris,6,7707728,194,640,3925,2684241,9079676,FALSE,Pinopsida,NA,Pinus sylvestris
8116613,"Pinus sylvestris Mill., 1768",Pinus sylvestris,SPECIES,DOUBTFUL,96,EXACT,Plantae,Tracheophyta,Pinales,Pinaceae,Pinus,Pinus sylvestris,6,7707728,194,640,3925,2684241,8116613,FALSE,Pinopsida,NA,Pinus sylvestris
5285355,Pinus pumila (Pall.) Regel,Pinus pumila,SPECIES,ACCEPTED,97,EXACT,Plantae,Tracheophyta,Pinales,Pinaceae,Pinus,Pinus pumila,6,7707728,194,640,3925,2684241,5285355,FALSE,Pinopsida,NA,Pinus pumila
8578508,Pinus pumila hort.,Pinus pumila,SPECIES,SYNONYM,97,EXACT,Plantae,Tracheophyta,Pinales,Pinaceae,Pinus,Pinus pumila,6,7707728,194,640,3925,2684241,8209305,TRUE,Pinopsida,8209305,Pinus pumila
8209305,"Pinus pumila hort. ex K.Koch, 1873",Pinus pumila,SPECIES,DOUBTFUL,96,EXACT,Plantae,Tracheophyta,Pinales,Pinaceae,Pinus,Pinus pumila,6,7707728,194,640,3925,2684241,8209305,FALSE,Pinopsida,NA,Pinus pumila
5285244,Pinus dalatensis Ferré,Pinus dalatensis,SPECIES,ACCEPTED,99,EXACT,Plantae,Tracheophyta,Pinales,Pinaceae,Pinus,Pinus dalatensis,6,7707728,194,640,3925,2684241,5285244,FALSE,Pinopsida,NA,Pinus dalatensis
5285727,Pinus radiata D.Don,Pinus radiata,SPECIES,ACCEPTED,99,EXACT,Plantae,Tracheophyta,Pinales,Pinaceae,Pinus,Pinus radiata,6,7707728,194,640,3925,2684241,5285727,FALSE,Pinopsida,NA,Pinus radiata
5285079,Pinus peuce Griseb.,Pinus peuce,SPECIES,ACCEPTED,99,EXACT,Plantae,Tracheophyta,Pinales,Pinaceae,Pinus,Pinus peuce,6,7707728,194,640,3925,2684241,5285079,FALSE,Pinopsida,NA,Pinus peuce
5284987,Pinus chiapensis (Martínez) Andresen,Pinus chiapensis,SPECIES,SYNONYM,98,EXACT,Plantae,Tracheophyta,Pinales,Pinaceae,Pinus,Pinus strobus,6,7707728,194,640,3925,2684241,5284982,TRUE,Pinopsida,9487802,Pinus chiapensis
5285050,Pinus bhutanica Grierson et al.,Pinus bhutanica,SPECIES,ACCEPTED,99,EXACT,Plantae,Tracheophyta,Pinales,Pinaceae,Pinus,Pinus bhutanica,6,7707728,194,640,3925,2684241,5285050,FALSE,Pinopsida,NA,Pinus bhutanica
5285529,Pinus hwangshanensis W.Y.Hsia,Pinus hwangshanensis,SPECIES,ACCEPTED,99,EXACT,Plantae,Tracheophyta,Pinales,Pinaceae,Pinus,Pinus hwangshanensis,6,7707728,194,640,3925,2684241,5285529,FALSE,Pinopsida,NA,Pinus hwangshanensis
5285173,Pinus lawsonii Roezl ex Gordon,Pinus lawsonii,SPECIES,ACCEPTED,97,EXACT,Plantae,Tracheophyta,Pinales,Pinaceae,Pinus,Pinus lawsonii,6,7707728,194,640,3925,2684241,5285173,FALSE,Pinopsida,NA,Pinus lawsonii
8527366,Pinus lawsonii Roezl,Pinus lawsonii,SPECIES,SYNONYM,97,EXACT,Plantae,Tracheophyta,Pinales,Pinaceae,Pinus,Pinus lawsonii,6,7707728,194,640,3925,2684241,5285173,TRUE,Pinopsida,5285173,Pinus lawsonii
11227284,Pinus lawsonii Roezl ex Godr.,Pinus lawsonii,SPECIES,DOUBTFUL,96,EXACT,Plantae,Tracheophyta,Pinales,Pinaceae,Pinus,Pinus lawsonii,6,7707728,194,640,3925,2684241,11227284,FALSE,Pinopsida,NA,Pinus lawsonii
5285602,Pinus serotina Michx.,Pinus serotina,SPECIES,ACCEPTED,99,EXACT,Plantae,Tracheophyta,Pinales,Pinaceae,Pinus,Pinus serotina,6,7707728,194,640,3925,2684241,5285602,FALSE,Pinopsida,NA,Pinus serotina
5285255,Pinus sabiniana Douglas ex D.Don,Pinus sabiniana,SPECIES,ACCEPTED,98,EXACT,Plantae,Tracheophyta,Pinales,Pinaceae,Pinus,Pinus sabiniana,6,7707728,194,640,3925,2684241,5285255,FALSE,Pinopsida,NA,Pinus sabiniana
7564817,Pinus sabiniana Douglas,Pinus sabiniana,SPECIES,DOUBTFUL,96,EXACT,Plantae,Tracheophyta,Pinales,Pinaceae,Pinus,Pinus sabiniana,6,7707728,194,640,3925,2684241,7564817,FALSE,Pinopsida,NA,Pinus sabiniana
5285533,Pinus banksiana Lamb.,Pinus banksiana,SPECIES,ACCEPTED,99,EXACT,Plantae,Tracheophyta,Pinales,Pinaceae,Pinus,Pinus banksiana,6,7707728,194,640,3925,2684241,5285533,FALSE,Pinopsida,NA,Pinus banksiana
5285182,Pinus luchuensis Mayr,Pinus luchuensis,SPECIES,ACCEPTED,99,EXACT,Plantae,Tracheophyta,Pinales,Pinaceae,Pinus,Pinus luchuensis,6,7707728,194,640,3925,2684241,5285182,FALSE,Pinopsida,NA,Pinus luchuensis
5285810,Pinus taiwanensis Hayata,Pinus taiwanensis,SPECIES,ACCEPTED,99,EXACT,Plantae,Tracheophyta,Pinales,Pinaceae,Pinus,Pinus taiwanensis,6,7707728,194,640,3925,2684241,5285810,FALSE,Pinopsida,NA,Pinus taiwanensis
5285511,Pinus leiophylla Schiede ex Schltdl. & Cham.,Pinus leiophylla,SPECIES,ACCEPTED,98,EXACT,Plantae,Tracheophyta,Pinales,Pinaceae,Pinus,Pinus leiophylla,6,7707728,194,640,3925,2684241,5285511,FALSE,Pinopsida,NA,Pinus leiophylla
8347211,Pinus leiophylla Schiede & Deppe,Pinus leiophylla,SPECIES,DOUBTFUL,96,EXACT,Plantae,Tracheophyta,Pinales,Pinaceae,Pinus,Pinus leiophylla,6,7707728,194,640,3925,2684241,8347211,FALSE,Pinopsida,NA,Pinus leiophylla
5285501,Pinus monophylla Torr. & Frém.,Pinus monophylla,SPECIES,ACCEPTED,97,EXACT,Plantae,Tracheophyta,Pinales,Pinaceae,Pinus,Pinus monophylla,6,7707728,194,640,3925,2684241,5285501,FALSE,Pinopsida,NA,Pinus monophylla
8444148,Pinus monophylla hort.,Pinus monophylla,SPECIES,SYNONYM,97,EXACT,Plantae,Tracheophyta,Pinales,Pinaceae,Pinus,Pinus monophylla,6,7707728,194,640,3925,2684241,7527721,TRUE,Pinopsida,7527721,Pinus monophylla
7527721,"Pinus monophylla hort. ex Parl., 1868",Pinus monophylla,SPECIES,DOUBTFUL,96,EXACT,Plantae,Tracheophyta,Pinales,Pinaceae,Pinus,Pinus monophylla,6,7707728,194,640,3925,2684241,7527721,FALSE,Pinopsida,NA,Pinus monophylla
5285543,Pinus maximinoi H.E.Moore,Pinus maximinoi,SPECIES,ACCEPTED,99,EXACT,Plantae,Tracheophyta,Pinales,Pinaceae,Pinus,Pinus maximinoi,6,7707728,194,640,3925,2684241,5285543,FALSE,Pinopsida,NA,Pinus maximinoi
5285710,Pinus brutia Ten.,Pinus brutia,SPECIES,ACCEPTED,99,EXACT,Plantae,Tracheophyta,Pinales,Pinaceae,Pinus,Pinus brutia,6,7707728,194,640,3925,2684241,5285710,FALSE,Pinopsida,NA,Pinus brutia
5285242,Pinus squamata X.W.Li,Pinus squamata,SPECIES,ACCEPTED,99,EXACT,Plantae,Tracheophyta,Pinales,Pinaceae,Pinus,Pinus squamata,6,7707728,194,640,3925,2684241,5285242,FALSE,Pinopsida,NA,Pinus squamata
5285119,Pinus merkusii Jungh. & de Vriese,Pinus merkusii,SPECIES,ACCEPTED,99,EXACT,Plantae,Tracheophyta,Pinales,Pinaceae,Pinus,Pinus merkusii,6,7707728,194,640,3925,2684241,5285119,FALSE,Pinopsida,NA,Pinus merkusii
5285084,Pinus roxburghii Sarg.,Pinus roxburghii,SPECIES,ACCEPTED,99,EXACT,Plantae,Tracheophyta,Pinales,Pinaceae,Pinus,Pinus roxburghii,6,7707728,194,640,3925,2684241,5285084,FALSE,Pinopsida,NA,Pinus roxburghii
5285019,Pinus devoniana Lindl.,Pinus devoniana,SPECIES,ACCEPTED,99,EXACT,Plantae,Tracheophyta,Pinales,Pinaceae,Pinus,Pinus devoniana,6,7707728,194,640,3925,2684241,5285019,FALSE,Pinopsida,NA,Pinus devoniana
5285258,Pinus longaeva D.K.Bailey,Pinus longaeva,SPECIES,ACCEPTED,99,EXACT,Plantae,Tracheophyta,Pinales,Pinaceae,Pinus,Pinus longaeva,6,7707728,194,640,3925,2684241,5285258,FALSE,Pinopsida,NA,Pinus longaeva
5285775,Pinus bungeana Zucc. ex Endl.,Pinus bungeana,SPECIES,ACCEPTED,97,EXACT,Plantae,Tracheophyta,Pinales,Pinaceae,Pinus,Pinus bungeana,6,7707728,194,640,3925,2684241,5285775,FALSE,Pinopsida,NA,Pinus bungeana
8470082,Pinus bungeana Zucc.,Pinus bungeana,SPECIES,SYNONYM,97,EXACT,Plantae,Tracheophyta,Pinales,Pinaceae,Pinus,Pinus bungeana,6,7707728,194,640,3925,2684241,5285775,TRUE,Pinopsida,5285775,Pinus bungeana
5284667,Pinus sibirica Du Tour,Pinus sibirica,SPECIES,ACCEPTED,97,EXACT,Plantae,Tracheophyta,Pinales,Pinaceae,Pinus,Pinus sibirica,6,7707728,194,640,3925,2684241,5284667,FALSE,Pinopsida,NA,Pinus sibirica
7814656,Pinus sibirica (Ledeb.) Turcz.,Pinus sibirica,SPECIES,SYNONYM,97,EXACT,Plantae,Tracheophyta,Pinales,Pinaceae,Abies,Abies sibirica,6,7707728,194,640,3925,2684876,2685654,TRUE,Pinopsida,7071069,Pinus sibirica
11268749,Pinus sibirica DuTour,Pinus sibirica,SPECIES,DOUBTFUL,96,EXACT,Plantae,Tracheophyta,Pinales,Pinaceae,Pinus,Pinus sibirica,6,7707728,194,640,3925,2684241,11268749,FALSE,Pinopsida,NA,Pinus sibirica
7600093,"Pinus sibirica Lodd., 1867",Pinus sibirica,SPECIES,DOUBTFUL,96,EXACT,Plantae,Tracheophyta,Pinales,Pinaceae,Pinus,Pinus sibirica,6,7707728,194,640,3925,2684241,7600093,FALSE,Pinopsida,NA,Pinus sibirica
7983760,Pinus sibirica Mayr,Pinus sibirica,SPECIES,DOUBTFUL,96,EXACT,Plantae,Tracheophyta,Pinales,Pinaceae,Pinus,Pinus sibirica,6,7707728,194,640,3925,2684241,7983760,FALSE,Pinopsida,NA,Pinus sibirica
5285094,Pinus arizonica Engelm.,Pinus arizonica,SPECIES,ACCEPTED,99,EXACT,Plantae,Tracheophyta,Pinales,Pinaceae,Pinus,Pinus arizonica,6,7707728,194,640,3925,2684241,5285094,FALSE,Pinopsida,NA,Pinus arizonica
5285216,Pinus greggii Engelm. ex Parl.,Pinus greggii,SPECIES,ACCEPTED,97,EXACT,Plantae,Tracheophyta,Pinales,Pinaceae,Pinus,Pinus greggii,6,7707728,194,640,3925,2684241,5285216,FALSE,Pinopsida,NA,Pinus greggii
8603097,Pinus greggii Engelm.,Pinus greggii,SPECIES,SYNONYM,97,EXACT,Plantae,Tracheophyta,Pinales,Pinaceae,Pinus,Pinus greggii,6,7707728,194,640,3925,2684241,5285216,TRUE,Pinopsida,5285216,Pinus greggii
5285627,Pinus herrerae Martínez,Pinus herrerae,SPECIES,ACCEPTED,99,EXACT,Plantae,Tracheophyta,Pinales,Pinaceae,Pinus,Pinus herrerae,6,7707728,194,640,3925,2684241,5285627,FALSE,Pinopsida,NA,Pinus herrerae
5285604,Pinus halepensis Mill.,Pinus halepensis,SPECIES,ACCEPTED,98,EXACT,Plantae,Tracheophyta,Pinales,Pinaceae,Pinus,Pinus halepensis,6,7707728,194,640,3925,2684241,5285604,FALSE,Pinopsida,NA,Pinus halepensis
7812064,"Pinus halepensis M.Bieb., 1808",Pinus halepensis,SPECIES,DOUBTFUL,96,EXACT,Plantae,Tracheophyta,Pinales,Pinaceae,Pinus,Pinus halepensis,6,7707728,194,640,3925,2684241,7812064,FALSE,Pinopsida,NA,Pinus halepensis
5285067,Pinus resinosa Aiton,Pinus resinosa,SPECIES,ACCEPTED,97,EXACT,Plantae,Tracheophyta,Pinales,Pinaceae,Pinus,Pinus resinosa,6,7707728,194,640,3925,2684241,5285067,FALSE,Pinopsida,NA,Pinus resinosa
7783783,Pinus resinosa Hook.,Pinus resinosa,SPECIES,SYNONYM,97,EXACT,Plantae,Tracheophyta,Pinales,Pinaceae,Pinus,Pinus ponderosa,6,7707728,194,640,3925,2684241,5285053,TRUE,Pinopsida,7230697,Pinus resinosa
8059045,Pinus resinosa Roezl,Pinus resinosa,SPECIES,SYNONYM,97,EXACT,Plantae,Tracheophyta,Pinales,Pinaceae,Pinus,Pinus hartwegii,6,7707728,194,640,3925,2684241,5285141,TRUE,Pinopsida,5285141,Pinus resinosa
7786313,Pinus resinosa Savi,Pinus resinosa,SPECIES,SYNONYM,97,EXACT,Plantae,Tracheophyta,Pinales,Pinaceae,Pinus,Pinus sylvestris,6,7707728,194,640,3925,2684241,5285637,TRUE,Pinopsida,7230693,Pinus resinosa
8301914,Pinus resinosa Torr.,Pinus resinosa,SPECIES,SYNONYM,97,EXACT,Plantae,Tracheophyta,Pinales,Pinaceae,Pinus,Pinus ponderosa,6,7707728,194,640,3925,2684241,5285053,TRUE,Pinopsida,7230697,Pinus resinosa
7466860,"Pinus resinosa Loisel., 1812",Pinus resinosa,SPECIES,DOUBTFUL,96,EXACT,Plantae,Tracheophyta,Pinales,Pinaceae,Pinus,Pinus resinosa,6,7707728,194,640,3925,2684241,7466860,FALSE,Pinopsida,NA,Pinus resinosa
8053679,Pinus resinosa Soland,Pinus resinosa,SPECIES,DOUBTFUL,96,EXACT,Plantae,Tracheophyta,Pinales,Pinaceae,Pinus,Pinus resinosa,6,7707728,194,640,3925,2684241,8053679,FALSE,Pinopsida,NA,Pinus resinosa
5285213,Pinus dabeshanensis W.C.Cheng & Y.W.Law,Pinus dabeshanensis,SPECIES,SYNONYM,98,EXACT,Plantae,Tracheophyta,Pinales,Pinaceae,Pinus,Pinus armandii,6,7707728,194,640,3925,2684241,5285203,TRUE,Pinopsida,5285212,Pinus dabeshanensis
5284982,Pinus strobus L.,Pinus strobus,SPECIES,ACCEPTED,97,EXACT,Plantae,Tracheophyta,Pinales,Pinaceae,Pinus,Pinus strobus,6,7707728,194,640,3925,2684241,5284982,FALSE,Pinopsida,NA,Pinus strobus
7699454,Pinus strobus Thunb.,Pinus strobus,SPECIES,SYNONYM,97,EXACT,Plantae,Tracheophyta,Pinales,Pinaceae,Pinus,Pinus koraiensis,6,7707728,194,640,3925,2684241,5284979,TRUE,Pinopsida,5284979,Pinus strobus
7367376,Pinus strobus Buch.-Ham.,Pinus strobus,SPECIES,DOUBTFUL,96,EXACT,Plantae,Tracheophyta,Pinales,Pinaceae,Pinus,Pinus strobus,6,7707728,194,640,3925,2684241,7367376,FALSE,Pinopsida,NA,Pinus strobus
5285794,Pinus krempfii Lecomte,Pinus krempfii,SPECIES,ACCEPTED,99,EXACT,Plantae,Tracheophyta,Pinales,Pinaceae,Pinus,Pinus krempfii,6,7707728,194,640,3925,2684241,5285794,FALSE,Pinopsida,NA,Pinus krempfii
5285549,Pinus pinceana Gordon,Pinus pinceana,SPECIES,ACCEPTED,98,EXACT,Plantae,Tracheophyta,Pinales,Pinaceae,Pinus,Pinus pinceana,6,7707728,194,640,3925,2684241,5285549,FALSE,Pinopsida,NA,Pinus pinceana
11362553,Pinus pinceana Godr.,Pinus pinceana,SPECIES,DOUBTFUL,96,EXACT,Plantae,Tracheophyta,Pinales,Pinaceae,Pinus,Pinus pinceana,6,7707728,194,640,3925,2684241,11362553,FALSE,Pinopsida,NA,Pinus pinceana
5285621,Pinus monticola Douglas ex D.Don,Pinus monticola,SPECIES,ACCEPTED,97,EXACT,Plantae,Tracheophyta,Pinales,Pinaceae,Pinus,Pinus monticola,6,7707728,194,640,3925,2684241,5285621,FALSE,Pinopsida,NA,Pinus monticola
8317493,Pinus monticola Douglas,Pinus monticola,SPECIES,SYNONYM,97,EXACT,Plantae,Tracheophyta,Pinales,Pinaceae,Pinus,Pinus monticola,6,7707728,194,640,3925,2684241,5285621,TRUE,Pinopsida,5285621,Pinus monticola
8151042,Pinus monticola Douglas ex Lamb,Pinus monticola,SPECIES,DOUBTFUL,96,EXACT,Plantae,Tracheophyta,Pinales,Pinaceae,Pinus,Pinus monticola,6,7707728,194,640,3925,2684241,8151042,FALSE,Pinopsida,NA,Pinus monticola
5285280,Pinus pseudostrobus Lindl.,Pinus pseudostrobus,SPECIES,ACCEPTED,97,EXACT,Plantae,Tracheophyta,Pinales,Pinaceae,Pinus,Pinus pseudostrobus,6,7707728,194,640,3925,2684241,5285280,FALSE,Pinopsida,NA,Pinus pseudostrobus
11293485,Pinus pseudostrobus Godr.,Pinus pseudostrobus,SPECIES,SYNONYM,97,EXACT,Plantae,Tracheophyta,Pinales,Pinaceae,Pinus,Pinus montezumae,6,7707728,194,640,3925,2684241,5285261,TRUE,Pinopsida,5285261,Pinus pseudostrobus
7615155,Pinus pseudostrobus Gordon,Pinus pseudostrobus,SPECIES,SYNONYM,97,EXACT,Plantae,Tracheophyta,Pinales,Pinaceae,Pinus,Pinus montezumae,6,7707728,194,640,3925,2684241,5285261,TRUE,Pinopsida,7306238,Pinus pseudostrobus
5285228,Pinus lumholtzii B.L.Rob & Fernald,Pinus lumholtzii,SPECIES,ACCEPTED,99,EXACT,Plantae,Tracheophyta,Pinales,Pinaceae,Pinus,Pinus lumholtzii,6,7707728,194,640,3925,2684241,5285228,FALSE,Pinopsida,NA,Pinus lumholtzii
5284979,Pinus koraiensis Siebold & Zucc.,Pinus koraiensis,SPECIES,ACCEPTED,99,EXACT,Plantae,Tracheophyta,Pinales,Pinaceae,Pinus,Pinus koraiensis,6,7707728,194,640,3925,2684241,5284979,FALSE,Pinopsida,NA,Pinus koraiensis
5285768,Pinus clausa (Chapm. ex Engelm.) Sarg.,Pinus clausa,SPECIES,ACCEPTED,98,EXACT,Plantae,Tracheophyta,Pinales,Pinaceae,Pinus,Pinus clausa,6,7707728,194,640,3925,2684241,5285768,FALSE,Pinopsida,NA,Pinus clausa
8243460,Pinus clausa (Chapm.) Vasey,Pinus clausa,SPECIES,DOUBTFUL,96,EXACT,Plantae,Tracheophyta,Pinales,Pinaceae,Pinus,Pinus clausa,6,7707728,194,640,3925,2684241,8243460,FALSE,Pinopsida,NA,Pinus clausa
5285224,Pinus durangensis Martínez,Pinus durangensis,SPECIES,ACCEPTED,97,EXACT,Plantae,Tracheophyta,Pinales,Pinaceae,Pinus,Pinus durangensis,6,7707728,194,640,3925,2684241,5285224,FALSE,Pinopsida,NA,Pinus durangensis
8695042,Pinus durangensis Roezl,Pinus durangensis,SPECIES,SYNONYM,97,EXACT,Plantae,Tracheophyta,Pinales,Pinaceae,Pinus,Pinus ayacahuite,6,7707728,194,640,3925,2684241,5285836,TRUE,Pinopsida,5285836,Pinus durangensis
11250520,Pinus durangensis Roezl ex Godr.,Pinus durangensis,SPECIES,SYNONYM,97,EXACT,Plantae,Tracheophyta,Pinales,Pinaceae,Pinus,Pinus ayacahuite,6,7707728,194,640,3925,2684241,5285836,TRUE,Pinopsida,5285836,Pinus durangensis
7430356,Pinus durangensis Roezl ex Gordon & Glend.,Pinus durangensis,SPECIES,SYNONYM,97,EXACT,Plantae,Tracheophyta,Pinales,Pinaceae,Pinus,Pinus ayacahuite,6,7707728,194,640,3925,2684241,5285836,TRUE,Pinopsida,5285836,Pinus durangensis
5285074,Pinus wallichiana A.B.Jacks.,Pinus wallichiana,SPECIES,ACCEPTED,99,EXACT,Plantae,Tracheophyta,Pinales,Pinaceae,Pinus,Pinus wallichiana,6,7707728,194,640,3925,2684241,5285074,FALSE,Pinopsida,NA,Pinus wallichiana
5285551,Pinus flexilis E.James,Pinus flexilis,SPECIES,ACCEPTED,99,EXACT,Plantae,Tracheophyta,Pinales,Pinaceae,Pinus,Pinus flexilis,6,7707728,194,640,3925,2684241,5285551,FALSE,Pinopsida,NA,Pinus flexilis
5285247,Pinus heldreichii H.Christ,Pinus heldreichii,SPECIES,ACCEPTED,99,EXACT,Plantae,Tracheophyta,Pinales,Pinaceae,Pinus,Pinus heldreichii,6,7707728,194,640,3925,2684241,5285247,FALSE,Pinopsida,NA,Pinus heldreichii
5284993,Pinus fenzeliana Hand.-Mazz.,Pinus fenzeliana,SPECIES,ACCEPTED,99,EXACT,Plantae,Tracheophyta,Pinales,Pinaceae,Pinus,Pinus fenzeliana,6,7707728,194,640,3925,2684241,5284993,FALSE,Pinopsida,NA,Pinus fenzeliana
5285799,Pinus thunbergii Parl.,Pinus thunbergii,SPECIES,ACCEPTED,97,EXACT,Plantae,Tracheophyta,Pinales,Pinaceae,Pinus,Pinus thunbergii,6,7707728,194,640,3925,2684241,5285799,FALSE,Pinopsida,NA,Pinus thunbergii
11092882,Pinus thunbergii Lamb.,Pinus thunbergii,SPECIES,SYNONYM,97,EXACT,Plantae,Tracheophyta,Pinales,Pinaceae,Abies,Abies firma,6,7707728,194,640,3925,2684876,2685414,TRUE,Pinopsida,2685414,Pinus thunbergii
8657740,Pinus kasya Royle,Pinus kasya,SPECIES,SYNONYM,92,FUZZY,Plantae,Tracheophyta,Pinales,Pinaceae,Pinus,Pinus kesiya,6,7707728,194,640,3925,2684241,5285824,TRUE,Pinopsida,7230685,Pinus kesiya
5285832,Pinus kasya Royle ex Parl.,Pinus kasya,SPECIES,SYNONYM,92,FUZZY,Plantae,Tracheophyta,Pinales,Pinaceae,Pinus,Pinus kesiya,6,7707728,194,640,3925,2684241,5285824,TRUE,Pinopsida,7230685,Pinus kesiya
11262645,Pinus ayachuite Ehrend.,Pinus ayachuite,SPECIES,SYNONYM,92,FUZZY,Plantae,Tracheophyta,Pinales,Pinaceae,Pinus,Pinus ayacahuite,6,7707728,194,640,3925,2684241,7671673,TRUE,Pinopsida,7671673,Pinus ayacahuite
5792229,"Pinus sabineana Douglas, 1832",Pinus sabineana,SPECIES,ACCEPTED,93,FUZZY,Plantae,Tracheophyta,Pinales,Pinaceae,Pinus,Pinus sabineana,6,7707728,194,640,3925,2684241,5792229,FALSE,Pinopsida,NA,Pinus sabiniana
12022493,Pinus sabineana Douglas ex D.Don,Pinus sabineana,SPECIES,SYNONYM,92,FUZZY,Plantae,Tracheophyta,Pinales,Pinaceae,Pinus,Pinus sabiniana,6,7707728,194,640,3925,2684241,5285255,TRUE,Pinopsida,5285255,Pinus sabiniana
7375662,Pinus sebirica Du Tour,Pinus sebirica,SPECIES,DOUBTFUL,90,FUZZY,Plantae,Tracheophyta,Pinales,Pinaceae,Pinus,Pinus sebirica,6,7707728,194,640,3925,2684241,7375662,FALSE,Pinopsida,NA,Pinus sibirica
5686679,"Pinus herrerai Martínez, 1940",Pinus herrerai,SPECIES,ACCEPTED,93,FUZZY,Plantae,Tracheophyta,Pinales,Pinaceae,Pinus,Pinus herrerai,6,7707728,194,640,3925,2684241,5686679,FALSE,Pinopsida,NA,Pinus herrerae
