usageKey,scientificName,canonicalName,rank,status,confidence,matchType,kingdom,phylum,order,family,genus,species,kingdomKey,phylumKey,classKey,orderKey,familyKey,genusKey,speciesKey,synonym,class,verbatim_name,acceptedUsageKey
8530741,Limonium aegaeum Erben & Brullo,Limonium aegaeum,SPECIES,ACCEPTED,100,EXACT,Plantae,Tracheophyta,Caryophyllales,Plumbaginaceae,Limonium,Limonium aegaeum,6,7707728,220,422,2419,3082293,8530741,FALSE,Magnoliopsida,Limonium aegaeum Erben & Bruno,NA
4088484,Limonium algarvense Erben,Limonium algarvense,SPECIES,ACCEPTED,100,EXACT,Plantae,Tracheophyta,Caryophyllales,Plumbaginaceae,Limonium,Limonium algarvense,6,7707728,220,422,2419,3082293,4088484,FALSE,Magnoliopsida,Limonium algarvense Erben,NA
8045035,Limonium ammophilon (Papatsou & Phitos) Domina,Limonium ammophilon,SPECIES,ACCEPTED,100,EXACT,Plantae,Tracheophyta,Caryophyllales,Plumbaginaceae,Limonium,Limonium ammophilon,6,7707728,220,422,2419,3082293,8045035,FALSE,Magnoliopsida,Limonium ammophilon (Papatsou & Phitos) Domina,NA
8514526,Limonium amopicum Erben & Brullo,Limonium amopicum,SPECIES,ACCEPTED,100,EXACT,Plantae,Tracheophyta,Caryophyllales,Plumbaginaceae,Limonium,Limonium amopicum,6,7707728,220,422,2419,3082293,8514526,FALSE,Magnoliopsida,Limonium amopicum Erben & Bruno,NA
4090839,Limonium anatolicum Hedge,Limonium anatolicum,SPECIES,ACCEPTED,100,EXACT,Plantae,Tracheophyta,Caryophyllales,Plumbaginaceae,Limonium,Limonium anatolicum,6,7707728,220,422,2419,3082293,4090839,FALSE,Magnoliopsida,Limonium anatolicum Hedge,NA
4090747,Limonium anthericoides (Schltr.) R.A.Dyer,Limonium anthericoides,SPECIES,ACCEPTED,100,EXACT,Plantae,Tracheophyta,Caryophyllales,Plumbaginaceae,Limonium,Limonium anthericoides,6,7707728,220,422,2419,3082293,4090747,FALSE,Magnoliopsida,Limonium anthericoides (Schltr.) RA.Dyer,NA
4090698,Limonium aphroditae R.Artelari & Georgiou,Limonium aphroditae,SPECIES,ACCEPTED,100,EXACT,Plantae,Tracheophyta,Caryophyllales,Plumbaginaceae,Limonium,Limonium aphroditae,6,7707728,220,422,2419,3082293,4090698,FALSE,Magnoliopsida,Limonium aphroditae R.Artelari & Georgiou,NA
7298222,Limonium aragonense (Debeaux ex Willk.) Pignatti,Limonium aragonense,SPECIES,SYNONYM,100,EXACT,Plantae,Tracheophyta,Caryophyllales,Plumbaginaceae,Limonium,Limonium aragonense,6,7707728,220,422,2419,3082293,7816427,TRUE,Magnoliopsida,Limonium aragonense (Debeaux ex Willk.) Pignatti,7816427
7875825,"Limonium arboreum (Willd.) Erben, A.Santos & Reyes-Bet.",Limonium arboreum,SPECIES,ACCEPTED,100,EXACT,Plantae,Tracheophyta,Caryophyllales,Plumbaginaceae,Limonium,Limonium arboreum,6,7707728,220,422,2419,3082293,7875825,FALSE,Magnoliopsida,"Limonium arboreum (Willd.) Erben, A.Santos & Reyes-",NA
7298219,Limonium articulatum (Loisel.) Kuntze,Limonium articulatum,SPECIES,ACCEPTED,100,EXACT,Plantae,Tracheophyta,Caryophyllales,Plumbaginaceae,Limonium,Limonium articulatum,6,7707728,220,422,2419,3082293,7298219,FALSE,Magnoliopsida,Limonium articulatum (Loisel.) Kuntze,NA
4090549,Limonium asparagoides (Batt.) Maire,Limonium asparagoides,SPECIES,ACCEPTED,100,EXACT,Plantae,Tracheophyta,Caryophyllales,Plumbaginaceae,Limonium,Limonium asparagoides,6,7707728,220,422,2419,3082293,4090549,FALSE,Magnoliopsida,Limonium asparagoides (Batt.)Maire,NA
4090522,Limonium aucheri (Girard) Greuter & Burdet,Limonium aucheri,SPECIES,ACCEPTED,100,EXACT,Plantae,Tracheophyta,Caryophyllales,Plumbaginaceae,Limonium,Limonium aucheri,6,7707728,220,422,2419,3082293,4090522,FALSE,Magnoliopsida,Limonium aucheri (Girard) Greuter & Burdet,NA
7298206,Limonium aureum (L.) Hill ex Kuntze,Limonium aureum,SPECIES,SYNONYM,100,EXACT,Plantae,Tracheophyta,Caryophyllales,Plumbaginaceae,Limonium,Limonium aureum,6,7707728,220,422,2419,3082293,7632211,TRUE,Magnoliopsida,Limonium aureum (L.) Hill ex Kuntze,7632211
7298201,Limonium auriculae-ursifolium (Pourr.) Druce,Limonium auriculae-ursifolium,SPECIES,ACCEPTED,100,EXACT,Plantae,Tracheophyta,Caryophyllales,Plumbaginaceae,Limonium,Limonium auriculae-ursifolium,6,7707728,220,422,2419,3082293,7298201,FALSE,Magnoliopsida,Limonium auriculae-ursifolium (Pourr.) Druce,NA
4090383,Limonium australe (R.Br.) Kuntze,Limonium australe,SPECIES,ACCEPTED,100,EXACT,Plantae,Tracheophyta,Caryophyllales,Plumbaginaceae,Limonium,Limonium australe,6,7707728,220,422,2419,3082293,4090383,FALSE,Magnoliopsida,Limonium australe (R. Br.) Kuntze,NA
4090370,Limonium avei (De Not.) Brullo & Erben,Limonium avei,SPECIES,ACCEPTED,100,EXACT,Plantae,Tracheophyta,Caryophyllales,Plumbaginaceae,Limonium,Limonium avei,6,7707728,220,422,2419,3082293,4090370,FALSE,Magnoliopsida,Limonium avei (De Not.) Brullo & Erben,NA
4090344,Limonium axillare (Forssk.) Kuntze,Limonium axillare,SPECIES,ACCEPTED,100,EXACT,Plantae,Tracheophyta,Caryophyllales,Plumbaginaceae,Limonium,Limonium axillare,6,7707728,220,422,2419,3082293,4090344,FALSE,Magnoliopsida,Limonium axillare (Forssk.) Kuntze,NA
4090228,Limonium beaumierianum (Coss. ex Maire) Maire,Limonium beaumierianum,SPECIES,SYNONYM,98,EXACT,Plantae,Tracheophyta,Caryophyllales,Plumbaginaceae,Limonium,Limonium sinuatum,6,7707728,220,422,2419,3082293,3082297,TRUE,Magnoliopsida,Limonium beaumierianum (Coss. exMaire)Maire,7783960
4090205,Limonium bellidifolium (Gouan) Dumort.,Limonium bellidifolium,SPECIES,ACCEPTED,100,EXACT,Plantae,Tracheophyta,Caryophyllales,Plumbaginaceae,Limonium,Limonium bellidifolium,6,7707728,220,422,2419,3082293,4090205,FALSE,Magnoliopsida,Limonium bellidifolium (Gouan) Dumort.,NA
4090190,Limonium benmageci Marrero Rodr.,Limonium benmageci,SPECIES,ACCEPTED,100,EXACT,Plantae,Tracheophyta,Caryophyllales,Plumbaginaceae,Limonium,Limonium benmageci,6,7707728,220,422,2419,3082293,4090190,FALSE,Magnoliopsida,Limonium benmageci Marrero Rodr.,NA
7851311,Limonium biflorum (Pignatti) Pignatti,Limonium biflorum,SPECIES,ACCEPTED,100,EXACT,Plantae,Tracheophyta,Caryophyllales,Plumbaginaceae,Limonium,Limonium biflorum,6,7707728,220,422,2419,3082293,7851311,FALSE,Magnoliopsida,Limonium biflorum (Pignatti) Pignatti,NA
9035514,Limonium binervosum (G.E.Sm.) C.E.Salmon,Limonium binervosum,SPECIES,ACCEPTED,100,EXACT,Plantae,Tracheophyta,Caryophyllales,Plumbaginaceae,Limonium,Limonium binervosum,6,7707728,220,422,2419,3082293,9035514,FALSE,Magnoliopsida,Limonium binervosum (G.E.Sm.) C.E.Salmon,NA
8216351,Limonium bocconei (Lojac.) Litard.,Limonium bocconei,SPECIES,ACCEPTED,100,EXACT,Plantae,Tracheophyta,Caryophyllales,Plumbaginaceae,Limonium,Limonium bocconei,6,7707728,220,422,2419,3082293,8216351,FALSE,Magnoliopsida,Limonium bocconei (Lojac.) Litard.,NA
4089987,Limonium bollei (Webb ex Wangerin) Erben,Limonium bollei,SPECIES,ACCEPTED,100,EXACT,Plantae,Tracheophyta,Caryophyllales,Plumbaginaceae,Limonium,Limonium bollei,6,7707728,220,422,2419,3082293,4089987,FALSE,Magnoliopsida,Limonium bollei (Webb ex Wangerin) Erben,NA
6713037,Limonium bonduellei (F.Lestib.) Kuntze,Limonium bonduellei,SPECIES,ACCEPTED,99,EXACT,Plantae,Tracheophyta,Caryophyllales,Plumbaginaceae,Limonium,Limonium bonduellei,6,7707728,220,422,2419,3082293,6713037,FALSE,Magnoliopsida,Limonium bonduellei (T.Lestib.) Kuntze,NA
4089936,Limonium bonifaciense Arrigoni & Diana,Limonium bonifaciense,SPECIES,ACCEPTED,100,EXACT,Plantae,Tracheophyta,Caryophyllales,Plumbaginaceae,Limonium,Limonium bonifaciense,6,7707728,220,422,2419,3082293,4089936,FALSE,Magnoliopsida,Limonium bonifaciense Arrigoni & Diana,NA
4089898,Limonium bourgeaui (Webb) Kuntze,Limonium bourgeaui,SPECIES,ACCEPTED,100,EXACT,Plantae,Tracheophyta,Caryophyllales,Plumbaginaceae,Limonium,Limonium bourgeaui,6,7707728,220,422,2419,3082293,4089898,FALSE,Magnoliopsida,Limonium bourgeaui (Webb ex Webb) Kuntze,NA
7997093,Limonium brasiliense (Boiss.) Kuntze,Limonium brasiliense,SPECIES,ACCEPTED,100,EXACT,Plantae,Tracheophyta,Caryophyllales,Plumbaginaceae,Limonium,Limonium brasiliense,6,7707728,220,422,2419,3082293,7997093,FALSE,Magnoliopsida,Limonium brasiliense (Boiss.) Kuntze,NA
7298130,Limonium brassicifolium (Webb & Berthel.) Kuntze,Limonium brassicifolium,SPECIES,ACCEPTED,100,EXACT,Plantae,Tracheophyta,Caryophyllales,Plumbaginaceae,Limonium,Limonium brassicifolium,6,7707728,220,422,2419,3082293,7298130,FALSE,Magnoliopsida,Limonium brassicifolium (Webb & Berthel.) Kuntze,NA
4089812,Limonium braunii (Bolle) A.Chev.,Limonium braunii,SPECIES,ACCEPTED,100,EXACT,Plantae,Tracheophyta,Caryophyllales,Plumbaginaceae,Limonium,Limonium braunii,6,7707728,220,422,2419,3082293,4089812,FALSE,Magnoliopsida,Limonium braunii (Bolle) A.Chev.,NA
4089800,Limonium brevipetiolatum R.Artelari & Erben,Limonium brevipetiolatum,SPECIES,ACCEPTED,100,EXACT,Plantae,Tracheophyta,Caryophyllales,Plumbaginaceae,Limonium,Limonium brevipetiolatum,6,7707728,220,422,2419,3082293,4089800,FALSE,Magnoliopsida,Limonium brevipetiolatum R.Artelari & Erben,NA
4089669,Limonium brunneri (Webb ex Boiss.) Kuntze,Limonium brunneri,SPECIES,ACCEPTED,100,EXACT,Plantae,Tracheophyta,Caryophyllales,Plumbaginaceae,Limonium,Limonium brunneri,6,7707728,220,422,2419,3082293,4089669,FALSE,Magnoliopsida,Limonium brunneri (Webb. ex Boiss.) Kuntze,NA
4089613,Limonium caesium (Girard) Kuntze,Limonium caesium,SPECIES,ACCEPTED,100,EXACT,Plantae,Tracheophyta,Caryophyllales,Plumbaginaceae,Limonium,Limonium caesium,6,7707728,220,422,2419,3082293,4089613,FALSE,Magnoliopsida,Limonium caesium (Girard) Kuntze,NA
8625575,Limonium californicum (Boiss.) A.Heller,Limonium californicum,SPECIES,ACCEPTED,100,EXACT,Plantae,Tracheophyta,Caryophyllales,Plumbaginaceae,Limonium,Limonium californicum,6,7707728,220,422,2419,3082293,8625575,FALSE,Magnoliopsida,Limonium californicum (Boiss.) A.Heller,NA
4089472,Limonium calliopsium Alf.Mayer,Limonium calliopsium,SPECIES,ACCEPTED,100,EXACT,Plantae,Tracheophyta,Caryophyllales,Plumbaginaceae,Limonium,Limonium calliopsium,6,7707728,220,422,2419,3082293,4089472,FALSE,Magnoliopsida,Limonium calliopsium Alf.Mayer,NA
4089460,Limonium camposanum Erben,Limonium camposanum,SPECIES,ACCEPTED,100,EXACT,Plantae,Tracheophyta,Caryophyllales,Plumbaginaceae,Limonium,Limonium camposanum,6,7707728,220,422,2419,3082293,4089460,FALSE,Magnoliopsida,Limonium camposanum M. Erben,NA
7975221,Limonium cancellatum (Bernh. ex Bertol.) Kuntze,Limonium cancellatum,SPECIES,ACCEPTED,100,EXACT,Plantae,Tracheophyta,Caryophyllales,Plumbaginaceae,Limonium,Limonium cancellatum,6,7707728,220,422,2419,3082293,7975221,FALSE,Magnoliopsida,Limonium cancellatum (Bertot.) Kuntze,NA
4089407,Limonium capense (L.Bolus) L.Bolus,Limonium capense,SPECIES,ACCEPTED,100,EXACT,Plantae,Tracheophyta,Caryophyllales,Plumbaginaceae,Limonium,Limonium capense,6,7707728,220,422,2419,3082293,4089407,FALSE,Magnoliopsida,Limonium capense (L.Bolus) L.Bolus,NA
4089296,Limonium carnosum (Boiss.) Kuntze,Limonium carnosum,SPECIES,ACCEPTED,100,EXACT,Plantae,Tracheophyta,Caryophyllales,Plumbaginaceae,Limonium,Limonium carnosum,6,7707728,220,422,2419,3082293,4089296,FALSE,Magnoliopsida,Limonium carnosum (Boiss.) Kuntze,NA
3082300,Limonium carolinianum (Walter) Britton,Limonium carolinianum,SPECIES,ACCEPTED,100,EXACT,Plantae,Tracheophyta,Caryophyllales,Plumbaginaceae,Limonium,Limonium carolinianum,6,7707728,220,422,2419,3082293,3082300,FALSE,Magnoliopsida,Limonium carolinianum (Walter) Britton,NA
4089177,Limonium carpathum (Rech.fil.) Rech.fil.,Limonium carpathum,SPECIES,ACCEPTED,100,EXACT,Plantae,Tracheophyta,Caryophyllales,Plumbaginaceae,Limonium,Limonium carpathum,6,7707728,220,422,2419,3082293,4089177,FALSE,Magnoliopsida,Limonium carpathum (Rech.f.) Rech.f.,NA
4089163,Limonium carpetanicum Erben,Limonium carpetanicum,SPECIES,ACCEPTED,100,EXACT,Plantae,Tracheophyta,Caryophyllales,Plumbaginaceae,Limonium,Limonium carpetanicum,6,7707728,220,422,2419,3082293,4089163,FALSE,Magnoliopsida,Limonium carpetanicum Erben,NA
4089134,Limonium carthaginense (Rouy) C.E.Hubb. & Sandwith,Limonium carthaginense,SPECIES,ACCEPTED,100,EXACT,Plantae,Tracheophyta,Caryophyllales,Plumbaginaceae,Limonium,Limonium carthaginense,6,7707728,220,422,2419,3082293,4089134,FALSE,Magnoliopsida,Limonium carthaginense (Rouy) C.E.Hubb. & Sandwith,NA
7443474,Limonium cephalonicum R.Artelari,Limonium cephalonicum,SPECIES,ACCEPTED,100,EXACT,Plantae,Tracheophyta,Caryophyllales,Plumbaginaceae,Limonium,Limonium cephalonicum,6,7707728,220,422,2419,3082293,7443474,FALSE,Magnoliopsida,Limonium cephalonicum R.Artelari,NA
8560486,Limonium chersonesum Erben & Brullo,Limonium chersonesum,SPECIES,ACCEPTED,100,EXACT,Plantae,Tracheophyta,Caryophyllales,Plumbaginaceae,Limonium,Limonium chersonesum,6,7707728,220,422,2419,3082293,8560486,FALSE,Magnoliopsida,Limonium chersonesum Erben & Brullo,NA
4088835,Limonium circaei Pignatti,Limonium circaei,SPECIES,ACCEPTED,100,EXACT,Plantae,Tracheophyta,Caryophyllales,Plumbaginaceae,Limonium,Limonium circaei,6,7707728,220,422,2419,3082293,4088835,FALSE,Magnoliopsida,Limonium circaei Pignatti,NA
8532733,Limonium compactum Erben & Brullo,Limonium compactum,SPECIES,ACCEPTED,100,EXACT,Plantae,Tracheophyta,Caryophyllales,Plumbaginaceae,Limonium,Limonium compactum,6,7707728,220,422,2419,3082293,8532733,FALSE,Magnoliopsida,Limonium compactum Erben & Brullo,NA
7755588,Limonium confusum (Godr. & Gren.) Fourr.,Limonium confusum,SPECIES,ACCEPTED,100,EXACT,Plantae,Tracheophyta,Caryophyllales,Plumbaginaceae,Limonium,Limonium confusum,6,7707728,220,422,2419,3082293,7755588,FALSE,Magnoliopsida,Limonium confusum (Godr. & Gren.) Fourr.,NA
4088606,Limonium connivens Erben,Limonium connivens,SPECIES,ACCEPTED,100,EXACT,Plantae,Tracheophyta,Caryophyllales,Plumbaginaceae,Limonium,Limonium connivens,6,7707728,220,422,2419,3082293,4088606,FALSE,Magnoliopsida,Limonium connivens Erben,NA
4088594,Limonium contortirameum (Mabille) Erben,Limonium contortirameum,SPECIES,ACCEPTED,100,EXACT,Plantae,Tracheophyta,Caryophyllales,Plumbaginaceae,Limonium,Limonium contortirameum,6,7707728,220,422,2419,3082293,4088594,FALSE,Magnoliopsida,Limonium contortirameum (Mabille) Erben,NA
4088539,Limonium cordatum (L.) Mill.,Limonium cordatum,SPECIES,ACCEPTED,100,EXACT,Plantae,Tracheophyta,Caryophyllales,Plumbaginaceae,Limonium,Limonium cordatum,6,7707728,220,422,2419,3082293,4088539,FALSE,Magnoliopsida,Limonium cordatum (L.) Mill.,NA
4088473,Limonium cornarianum Kypr. & R.Artelari,Limonium cornarianum,SPECIES,ACCEPTED,100,EXACT,Plantae,Tracheophyta,Caryophyllales,Plumbaginaceae,Limonium,Limonium cornarianum,6,7707728,220,422,2419,3082293,4088473,FALSE,Magnoliopsida,Limonium cornarianum Kypr. & R.Artelari,NA
8311302,Limonium coronense R.Artelari,Limonium coronense,SPECIES,ACCEPTED,100,EXACT,Plantae,Tracheophyta,Caryophyllales,Plumbaginaceae,Limonium,Limonium coronense,6,7707728,220,422,2419,3082293,8311302,FALSE,Magnoliopsida,Limonium coronense R.Artelari,NA
4088422,Limonium corsicum Erben,Limonium corsicum,SPECIES,ACCEPTED,100,EXACT,Plantae,Tracheophyta,Caryophyllales,Plumbaginaceae,Limonium,Limonium corsicum,6,7707728,220,422,2419,3082293,4088422,FALSE,Magnoliopsida,Limonium corsicum Erben,NA
7297983,Limonium cossonianum Kuntze,Limonium cossonianum,SPECIES,ACCEPTED,100,EXACT,Plantae,Tracheophyta,Caryophyllales,Plumbaginaceae,Limonium,Limonium cossonianum,6,7707728,220,422,2419,3082293,7297983,FALSE,Magnoliopsida,Limonium cossonianum Kuntze,NA
4088366,Limonium costae (Willk.) Pignatti,Limonium costae,SPECIES,ACCEPTED,100,EXACT,Plantae,Tracheophyta,Caryophyllales,Plumbaginaceae,Limonium,Limonium costae,6,7707728,220,422,2419,3082293,4088366,FALSE,Magnoliopsida,Limonium costae (Willk.) Pignatti,NA
4088352,Limonium cosyrense (Guss.) Kuntze,Limonium cosyrense,SPECIES,ACCEPTED,100,EXACT,Plantae,Tracheophyta,Caryophyllales,Plumbaginaceae,Limonium,Limonium cosyrense,6,7707728,220,422,2419,3082293,4088352,FALSE,Magnoliopsida,Limonium cosyrense (Guss.) Kuntze,NA
8611534,Limonium crateriforme Erben & Brullo,Limonium crateriforme,SPECIES,ACCEPTED,100,EXACT,Plantae,Tracheophyta,Caryophyllales,Plumbaginaceae,Limonium,Limonium crateriforme,6,7707728,220,422,2419,3082293,8611534,FALSE,Magnoliopsida,Limonium crateriforme Erben & Brullo,NA
4090840,Limonium creticum R.Artelari,Limonium creticum,SPECIES,ACCEPTED,100,EXACT,Plantae,Tracheophyta,Caryophyllales,Plumbaginaceae,Limonium,Limonium creticum,6,7707728,220,422,2419,3082293,4090840,FALSE,Magnoliopsida,Limonium creticum R. Artelari,NA
4090829,Limonium cumanum (Ten.) Kuntze,Limonium cumanum,SPECIES,ACCEPTED,100,EXACT,Plantae,Tracheophyta,Caryophyllales,Plumbaginaceae,Limonium,Limonium cumanum,6,7707728,220,422,2419,3082293,4090829,FALSE,Magnoliopsida,Limonium cumanum (Ten.) Kuntze,NA
4090786,Limonium cylindrifolium (Forssk.) Verdc. ex Cufod.,Limonium cylindrifolium,SPECIES,ACCEPTED,100,EXACT,Plantae,Tracheophyta,Caryophyllales,Plumbaginaceae,Limonium,Limonium cylindrifolium,6,7707728,220,422,2419,3082293,4090786,FALSE,Magnoliopsida,Limonium cylindrifolium (Forssk.) Verde. ex Cufod.,NA
4090774,Limonium cymuliferum (Boiss.) Sauvage & Vindt,Limonium cymuliferum,SPECIES,ACCEPTED,100,EXACT,Plantae,Tracheophyta,Caryophyllales,Plumbaginaceae,Limonium,Limonium cymuliferum,6,7707728,220,422,2419,3082293,4090774,FALSE,Magnoliopsida,Limonium cymuliferum (Boiss.) Sauvage & Vindt,NA
4090714,Limonium cythereum R.Artelari & Georgiou,Limonium cythereum,SPECIES,ACCEPTED,100,EXACT,Plantae,Tracheophyta,Caryophyllales,Plumbaginaceae,Limonium,Limonium cythereum,6,7707728,220,422,2419,3082293,4090714,FALSE,Magnoliopsida,Limonium cythereum R.Artelari & Georgiou,NA
4090661,Limonium daveaui Erben,Limonium daveaui,SPECIES,ACCEPTED,100,EXACT,Plantae,Tracheophyta,Caryophyllales,Plumbaginaceae,Limonium,Limonium daveaui,6,7707728,220,422,2419,3082293,4090661,FALSE,Magnoliopsida,Limonium daveaui Erben,NA
7298216,Limonium delicatulum (Girard) Kuntze,Limonium delicatulum,SPECIES,ACCEPTED,100,EXACT,Plantae,Tracheophyta,Caryophyllales,Plumbaginaceae,Limonium,Limonium delicatulum,6,7707728,220,422,2419,3082293,7298216,FALSE,Magnoliopsida,Limonium delicatulum (Girard) Kuntze,NA
4090542,Limonium dendroides Svent.,Limonium dendroides,SPECIES,ACCEPTED,100,EXACT,Plantae,Tracheophyta,Caryophyllales,Plumbaginaceae,Limonium,Limonium dendroides,6,7707728,220,422,2419,3082293,4090542,FALSE,Magnoliopsida,Limonium dendroides Svent.,NA
4090508,Limonium densissimum (Pignatti) Pignatti,Limonium densissimum,SPECIES,ACCEPTED,100,EXACT,Plantae,Tracheophyta,Caryophyllales,Plumbaginaceae,Limonium,Limonium densissimum,6,7707728,220,422,2419,3082293,4090508,FALSE,Magnoliopsida,Limonium densissimum (Pignatti) Pignatti,NA
4090448,Limonium dichotomum (Cav.) Kuntze,Limonium dichotomum,SPECIES,ACCEPTED,100,EXACT,Plantae,Tracheophyta,Caryophyllales,Plumbaginaceae,Limonium,Limonium dichotomum,6,7707728,220,422,2419,3082293,4090448,FALSE,Magnoliopsida,Limonium dichotomum (Cav.) Kuntze,NA
4090434,Limonium dichroanthum (Rupr.) Ikonn.-Gal.,Limonium dichroanthum,SPECIES,SYNONYM,100,EXACT,Plantae,Tracheophyta,Caryophyllales,Plumbaginaceae,Limonium,Limonium dichroanthum,6,7707728,220,422,2419,3082293,8247523,TRUE,Magnoliopsida,Limonium dichroanthum (Rupr.) Ikonn.-Gal.,8247523
7298186,Limonium dodartii (Girard) Kuntze,Limonium dodartii,SPECIES,ACCEPTED,100,EXACT,Plantae,Tracheophyta,Caryophyllales,Plumbaginaceae,Limonium,Limonium dodartii,6,7707728,220,422,2419,3082293,7298186,FALSE,Magnoliopsida,Limonium dodartii (Girard) Kuntze,NA
4090142,Limonium dufourii (Girard) Kuntze,Limonium dufourii,SPECIES,ACCEPTED,100,EXACT,Plantae,Tracheophyta,Caryophyllales,Plumbaginaceae,Limonium,Limonium dufourii,6,7707728,220,422,2419,3082293,4090142,FALSE,Magnoliopsida,Limonium dufourii (Girard) Kuntze,NA
4090035,Limonium ebusitanum (Font Quer) Font Quer,Limonium ebusitanum,SPECIES,ACCEPTED,100,EXACT,Plantae,Tracheophyta,Caryophyllales,Plumbaginaceae,Limonium,Limonium ebusitanum,6,7707728,220,422,2419,3082293,4090035,FALSE,Magnoliopsida,Limonium ebusitanum (Font Quer) Font Quer,NA
4090024,Limonium echioides (L.) Mill.,Limonium echioides,SPECIES,ACCEPTED,100,EXACT,Plantae,Tracheophyta,Caryophyllales,Plumbaginaceae,Limonium,Limonium echioides,6,7707728,220,422,2419,3082293,4090024,FALSE,Magnoliopsida,Limonium echioides (L.) Mill.,NA
4090013,Limonium effusum (Boiss.) Kuntze,Limonium effusum,SPECIES,ACCEPTED,100,EXACT,Plantae,Tracheophyta,Caryophyllales,Plumbaginaceae,Limonium,Limonium effusum,6,7707728,220,422,2419,3082293,4090013,FALSE,Magnoliopsida,Limonium effusum (Boiss.) Kuntze,NA
4089988,Limonium elaphonisicum Alf.Mayer,Limonium elaphonisicum,SPECIES,ACCEPTED,100,EXACT,Plantae,Tracheophyta,Caryophyllales,Plumbaginaceae,Limonium,Limonium elaphonisicum,6,7707728,220,422,2419,3082293,4089988,FALSE,Magnoliopsida,Limonium elaphonisicum Alf.Mayer,NA
4089876,Limonium erectum Erben,Limonium erectum,SPECIES,ACCEPTED,100,EXACT,Plantae,Tracheophyta,Caryophyllales,Plumbaginaceae,Limonium,Limonium erectum,6,7707728,220,422,2419,3082293,4089876,FALSE,Magnoliopsida,Limonium erectum Erben,NA
4089827,Limonium estevei Fern.Casas,Limonium estevei,SPECIES,ACCEPTED,100,EXACT,Plantae,Tracheophyta,Caryophyllales,Plumbaginaceae,Limonium,Limonium estevei,6,7707728,220,422,2419,3082293,4089827,FALSE,Magnoliopsida,Limonium estevei Fern.Casas,NA
4089764,Limonium failachicum Erben & Mucina,Limonium failachicum,SPECIES,ACCEPTED,100,EXACT,Plantae,Tracheophyta,Caryophyllales,Plumbaginaceae,Limonium,Limonium failachicum,6,7707728,220,422,2419,3082293,4089764,FALSE,Magnoliopsida,Limonium failachicum Erben &Mucina,NA
4089735,Limonium fallax (Wangerin) Maire,Limonium fallax,SPECIES,ACCEPTED,100,EXACT,Plantae,Tracheophyta,Caryophyllales,Plumbaginaceae,Limonium,Limonium fallax,6,7707728,220,422,2419,3082293,4089735,FALSE,Magnoliopsida,Limonium fallax (Coss. ex Wangerin)Maire,NA
4089713,Limonium ferganense Ikonn.-Gal.,Limonium ferganense,SPECIES,ACCEPTED,100,EXACT,Plantae,Tracheophyta,Caryophyllales,Plumbaginaceae,Limonium,Limonium ferganense,6,7707728,220,422,2419,3082293,4089713,FALSE,Magnoliopsida,Limonium ferganense Ikonn.-Gal.,NA
7348687,Limonium flexuosum (L.) Kuntze,Limonium flexuosum,SPECIES,ACCEPTED,100,EXACT,Plantae,Tracheophyta,Caryophyllales,Plumbaginaceae,Limonium,Limonium flexuosum,6,7707728,220,422,2419,3082293,7348687,FALSE,Magnoliopsida,Limonium flexuosum (L.) Kuntze,NA
4089561,Limonium frederici (Barbey) Rech.fil.,Limonium frederici,SPECIES,ACCEPTED,100,EXACT,Plantae,Tracheophyta,Caryophyllales,Plumbaginaceae,Limonium,Limonium frederici,6,7707728,220,422,2419,3082293,4089561,FALSE,Magnoliopsida,Limonium frederici (Barbey) Rech.f.,NA
7812265,"Limonium frutescens (Lem.) Erben, A.Santos & Reyes-Bet.",Limonium frutescens,SPECIES,ACCEPTED,100,EXACT,Plantae,Tracheophyta,Caryophyllales,Plumbaginaceae,Limonium,Limonium frutescens,6,7707728,220,422,2419,3082293,7812265,FALSE,Magnoliopsida,"Limonium frutescens (Lem.) Erben, A.Santos & Reyes- Bet.",NA
7298095,Limonium furfuraceum (Lag.) Kuntze,Limonium furfuraceum,SPECIES,ACCEPTED,100,EXACT,Plantae,Tracheophyta,Caryophyllales,Plumbaginaceae,Limonium,Limonium furfuraceum,6,7707728,220,422,2419,3082293,7298095,FALSE,Magnoliopsida,Limonium furfuraceum (Lag.) Kuntze,NA
8331715,Limonium gibertii (Sennen) Sennen,Limonium gibertii,SPECIES,ACCEPTED,100,EXACT,Plantae,Tracheophyta,Caryophyllales,Plumbaginaceae,Limonium,Limonium gibertii,6,7707728,220,422,2419,3082293,8331715,FALSE,Magnoliopsida,Limonium gibertii (Sennen) Sennen,NA
8076932,Limonium girardianum (Guss.) Fourr.,Limonium girardianum,SPECIES,ACCEPTED,100,EXACT,Plantae,Tracheophyta,Caryophyllales,Plumbaginaceae,Limonium,Limonium girardianum,6,7707728,220,422,2419,3082293,8076932,FALSE,Magnoliopsida,Limonium girardianum (Guss.) Fourr.,NA
4089298,Limonium globuliferum (Boiss. & Heldr.) Kuntze,Limonium globuliferum,SPECIES,ACCEPTED,100,EXACT,Plantae,Tracheophyta,Caryophyllales,Plumbaginaceae,Limonium,Limonium globuliferum,6,7707728,220,422,2419,3082293,4089298,FALSE,Magnoliopsida,Limonium globuliferum (Boiss. & Heldr.) Kuntze,NA
4089276,Limonium gmelini (Willd.) Kuntze,Limonium gmelini,SPECIES,ACCEPTED,100,EXACT,Plantae,Tracheophyta,Caryophyllales,Plumbaginaceae,Limonium,Limonium gmelini,6,7707728,220,422,2419,3082293,4089276,FALSE,Magnoliopsida,Limonium gmelini (Willd.) Kuntze,NA
7298070,Limonium gougetianum (Girard) Kuntze,Limonium gougetianum,SPECIES,ACCEPTED,100,EXACT,Plantae,Tracheophyta,Caryophyllales,Plumbaginaceae,Limonium,Limonium gougetianum,6,7707728,220,422,2419,3082293,7298070,FALSE,Magnoliopsida,Limonium gougetianum (Girard) Kuntze,NA
8529117,Limonium grabusae Erben & Brullo,Limonium grabusae,SPECIES,ACCEPTED,100,EXACT,Plantae,Tracheophyta,Caryophyllales,Plumbaginaceae,Limonium,Limonium grabusae,6,7707728,220,422,2419,3082293,8529117,FALSE,Magnoliopsida,Limonium grabusae Erben & Brullo,NA
7298063,Limonium graecum (Poir.) Rech.fil.,Limonium graecum,SPECIES,ACCEPTED,100,EXACT,Plantae,Tracheophyta,Caryophyllales,Plumbaginaceae,Limonium,Limonium graecum,6,7707728,220,422,2419,3082293,7298063,FALSE,Magnoliopsida,Limonium graecum (Poir.) Rech.f.,NA
4089136,Limonium greuteri Erben,Limonium greuteri,SPECIES,ACCEPTED,100,EXACT,Plantae,Tracheophyta,Caryophyllales,Plumbaginaceae,Limonium,Limonium greuteri,6,7707728,220,422,2419,3082293,4089136,FALSE,Magnoliopsida,Limonium greuteri Erben,NA
4089068,Limonium guaicuru (Molina) Kuntze,Limonium guaicuru,SPECIES,ACCEPTED,100,EXACT,Plantae,Tracheophyta,Caryophyllales,Plumbaginaceae,Limonium,Limonium guaicuru,6,7707728,220,422,2419,3082293,4089068,FALSE,Magnoliopsida,Limonium guaicuru (Molina) Kuntze,NA
4089057,"Limonium gueneri Dogan, H.Duman & Akaydin",Limonium gueneri,SPECIES,ACCEPTED,100,EXACT,Plantae,Tracheophyta,Caryophyllales,Plumbaginaceae,Limonium,Limonium gueneri,6,7707728,220,422,2419,3082293,4089057,FALSE,Magnoliopsida,Limonium gueneri Dogan & ff.Duman & Akaydm,NA
4089003,Limonium gymnesicum Erben,Limonium gymnesicum,SPECIES,ACCEPTED,100,EXACT,Plantae,Tracheophyta,Caryophyllales,Plumbaginaceae,Limonium,Limonium gymnesicum,6,7707728,220,422,2419,3082293,4089003,FALSE,Magnoliopsida,Limonium gymnesicum Erben,NA
4088978,Limonium haitense S.F.Blake,Limonium haitense,SPECIES,SYNONYM,100,EXACT,Plantae,Tracheophyta,Caryophyllales,Plumbaginaceae,Limonium,Limonium bahamense,6,7707728,220,422,2419,3082293,7298190,TRUE,Magnoliopsida,Limonium haitense Blake,4090305
4088904,Limonium hibericum Erben,Limonium hibericum,SPECIES,ACCEPTED,100,EXACT,Plantae,Tracheophyta,Caryophyllales,Plumbaginaceae,Limonium,Limonium hibericum,6,7707728,220,422,2419,3082293,4088904,FALSE,Magnoliopsida,Limonium hibericum Erben,NA
4088893,Limonium hierapetrae Rech.fil.,Limonium hierapetrae,SPECIES,ACCEPTED,100,EXACT,Plantae,Tracheophyta,Caryophyllales,Plumbaginaceae,Limonium,Limonium hierapetrae,6,7707728,220,422,2419,3082293,4088893,FALSE,Magnoliopsida,Limonium hierapetrae Rech.f.,NA
4088852,Limonium hoeltzeri (Regel) Ikonn.-Gal.,Limonium hoeltzeri,SPECIES,ACCEPTED,100,EXACT,Plantae,Tracheophyta,Caryophyllales,Plumbaginaceae,Limonium,Limonium hoeltzeri,6,7707728,220,422,2419,3082293,4088852,FALSE,Magnoliopsida,Limonium hoeltzeri (Regel) Ikonn.-Gal.,NA
4088825,Limonium humile Mill.,Limonium humile,SPECIES,ACCEPTED,100,EXACT,Plantae,Tracheophyta,Caryophyllales,Plumbaginaceae,Limonium,Limonium humile,6,7707728,220,422,2419,3082293,4088825,FALSE,Magnoliopsida,Limonium humile Mill.,NA
4088813,Limonium hungaricum Klokov,Limonium hungaricum,SPECIES,ACCEPTED,100,EXACT,Plantae,Tracheophyta,Caryophyllales,Plumbaginaceae,Limonium,Limonium hungaricum,6,7707728,220,422,2419,3082293,4088813,FALSE,Magnoliopsida,Limonium hungaricum Klokov,NA
4088788,Limonium hyblaeum Brullo,Limonium hyblaeum,SPECIES,ACCEPTED,100,EXACT,Plantae,Tracheophyta,Caryophyllales,Plumbaginaceae,Limonium,Limonium hyblaeum,6,7707728,220,422,2419,3082293,4088788,FALSE,Magnoliopsida,Limonium hyblaeum Brullo,NA
4088753,Limonium iconicum (Boiss. & Heldr.) Kuntze,Limonium iconicum,SPECIES,ACCEPTED,100,EXACT,Plantae,Tracheophyta,Caryophyllales,Plumbaginaceae,Limonium,Limonium iconicum,6,7707728,220,422,2419,3082293,4088753,FALSE,Magnoliopsida,Limonium iconicum (Boiss. & Heldr.) Kuntze,NA
8039927,Limonium imbricatum (Webb ex Girard) F.T.Hubb.,Limonium imbricatum,SPECIES,SYNONYM,100,EXACT,Plantae,Tracheophyta,Caryophyllales,Plumbaginaceae,Limonium,Limonium imbricatum,6,7707728,220,422,2419,3082293,4088687,TRUE,Magnoliopsida,Limonium imbricatum (Webb ex Girard) Hubbard ex,4088687
4088635,Limonium insigne (Coss.) Kuntze,Limonium insigne,SPECIES,ACCEPTED,100,EXACT,Plantae,Tracheophyta,Caryophyllales,Plumbaginaceae,Limonium,Limonium insigne,6,7707728,220,422,2419,3082293,4088635,FALSE,Magnoliopsida,Limonium insigne (Coss.) Kuntze,NA
4088554,Limonium iranicum (Bornm.) Lincz.,Limonium iranicum,SPECIES,ACCEPTED,100,EXACT,Plantae,Tracheophyta,Caryophyllales,Plumbaginaceae,Limonium,Limonium iranicum,6,7707728,220,422,2419,3082293,4088554,FALSE,Magnoliopsida,Limonium iranicum (Borom.) Lincz.,NA
4088424,Limonium kardamylii R.Artelari & Kamari,Limonium kardamylii,SPECIES,ACCEPTED,100,EXACT,Plantae,Tracheophyta,Caryophyllales,Plumbaginaceae,Limonium,Limonium kardamylii,6,7707728,220,422,2419,3082293,4088424,FALSE,Magnoliopsida,Limonium kardamylii R.Artelari & Kamari,NA
4088411,Limonium kaschgaricum (Rupr.) Ikonn.-Gal.,Limonium kaschgaricum,SPECIES,ACCEPTED,100,EXACT,Plantae,Tracheophyta,Caryophyllales,Plumbaginaceae,Limonium,Limonium kaschgaricum,6,7707728,220,422,2419,3082293,4088411,FALSE,Magnoliopsida,Limonium kaschgaricum (Rupr.) Ikonn.-Gal.,NA
4090819,Limonium kraussianum (Buchinger ex Boiss.) Kuntze,Limonium kraussianum,SPECIES,ACCEPTED,100,EXACT,Plantae,Tracheophyta,Caryophyllales,Plumbaginaceae,Limonium,Limonium kraussianum,6,7707728,220,422,2419,3082293,4090819,FALSE,Magnoliopsida,Limonium kraussianum (Buchinger ex Boiss.) Kuntze,NA
4090750,Limonium lanceolatum (Hoffmanns. & Link) Franco,Limonium lanceolatum,SPECIES,SYNONYM,100,EXACT,Plantae,Tracheophyta,Caryophyllales,Plumbaginaceae,Limonium,Limonium ovalifolium,6,7707728,220,422,2419,3082293,7298058,TRUE,Magnoliopsida,Limonium lanceolatum (Hoffmanns. & Link) Franco,7298058
7508482,Limonium latebracteatum Erben,Limonium latebracteatum,SPECIES,ACCEPTED,100,EXACT,Plantae,Tracheophyta,Caryophyllales,Plumbaginaceae,Limonium,Limonium latebracteatum,6,7707728,220,422,2419,3082293,7508482,FALSE,Magnoliopsida,Limonium latebracteatum Erben,NA
4090715,Limonium latifolium (Sm.) Kuntze,Limonium latifolium,SPECIES,SYNONYM,100,EXACT,Plantae,Tracheophyta,Caryophyllales,Plumbaginaceae,Limonium,Limonium platyphyllum,6,7707728,220,422,2419,3082293,4088624,TRUE,Magnoliopsida,Limonium latifolium (Sm.) Kuntze,4088624
4090687,Limonium laxiusculum Franco,Limonium laxiusculum,SPECIES,ACCEPTED,100,EXACT,Plantae,Tracheophyta,Caryophyllales,Plumbaginaceae,Limonium,Limonium laxiusculum,6,7707728,220,422,2419,3082293,4090687,FALSE,Magnoliopsida,Limonium laxiusculum Franco,NA
4090577,Limonium lilacinum (Boiss. & Balansa) Wagenitz,Limonium lilacinum,SPECIES,ACCEPTED,100,EXACT,Plantae,Tracheophyta,Caryophyllales,Plumbaginaceae,Limonium,Limonium lilacinum,6,7707728,220,422,2419,3082293,4090577,FALSE,Magnoliopsida,Limonium lilacinum (Boiss. & Bal.) Wagenitz,NA
3082315,Limonium limbatum Small,Limonium limbatum,SPECIES,ACCEPTED,100,EXACT,Plantae,Tracheophyta,Caryophyllales,Plumbaginaceae,Limonium,Limonium limbatum,6,7707728,220,422,2419,3082293,3082315,FALSE,Magnoliopsida,Limonium limbatum Small,NA
8419208,Limonium lobatum (L.fil.) Chaz.,Limonium lobatum,SPECIES,ACCEPTED,100,EXACT,Plantae,Tracheophyta,Caryophyllales,Plumbaginaceae,Limonium,Limonium lobatum,6,7707728,220,422,2419,3082293,8419208,FALSE,Magnoliopsida,Limonium lobatum (L.f.) Chaz.,NA
4090435,Limonium lobinii N.Kilian & Leyens,Limonium lobinii,SPECIES,ACCEPTED,100,EXACT,Plantae,Tracheophyta,Caryophyllales,Plumbaginaceae,Limonium,Limonium lobinii,6,7707728,220,422,2419,3082293,4090435,FALSE,Magnoliopsida,Limonium lobinii N.Kilian & Leyens,NA
7698705,Limonium longebracteatum Erben,Limonium longebracteatum,SPECIES,ACCEPTED,100,EXACT,Plantae,Tracheophyta,Caryophyllales,Plumbaginaceae,Limonium,Limonium longebracteatum,6,7707728,220,422,2419,3082293,7698705,FALSE,Magnoliopsida,Limonium longebracteatum Erben,NA
8234800,"Limonium lowei R.Jardim, M.Seq., Capelo, J.C.Costa & Rivas Mart.",Limonium lowei,SPECIES,ACCEPTED,100,EXACT,Plantae,Tracheophyta,Caryophyllales,Plumbaginaceae,Limonium,Limonium lowei,6,7707728,220,422,2419,3082293,8234800,FALSE,Magnoliopsida,"Limonium lowei R.Jardim,M.Seq., Capelo, J.C.Costa & RivasMart.",NA
4090334,Limonium macrophyllum (Willd. ex Spreng.) Kuntze,Limonium macrophyllum,SPECIES,ACCEPTED,100,EXACT,Plantae,Tracheophyta,Caryophyllales,Plumbaginaceae,Limonium,Limonium macrophyllum,6,7707728,220,422,2419,3082293,4090334,FALSE,Magnoliopsida,Limonium macrophyllum Kuntze,NA
4090325,Limonium macropterum (Webb & Berthel.) Kuntze,Limonium macropterum,SPECIES,ACCEPTED,99,EXACT,Plantae,Tracheophyta,Caryophyllales,Plumbaginaceae,Limonium,Limonium macropterum,6,7707728,220,422,2419,3082293,4090325,FALSE,Magnoliopsida,Limonium macropterum (Webb & Berthe).) Kuntze,NA
4090274,Limonium majus (Boiss.) Erben,Limonium majus,SPECIES,ACCEPTED,100,EXACT,Plantae,Tracheophyta,Caryophyllales,Plumbaginaceae,Limonium,Limonium majus,6,7707728,220,422,2419,3082293,4090274,FALSE,Magnoliopsida,Limonium majus (Boiss.) Erben,NA
8626320,Limonium meandrinum Erben & Brullo,Limonium meandrinum,SPECIES,ACCEPTED,100,EXACT,Plantae,Tracheophyta,Caryophyllales,Plumbaginaceae,Limonium,Limonium meandrinum,6,7707728,220,422,2419,3082293,8626320,FALSE,Magnoliopsida,Limonium meandrinum Erben & Brullo,NA
4089989,Limonium meyeri (Boiss.) Kuntze,Limonium meyeri,SPECIES,SYNONYM,100,EXACT,Plantae,Tracheophyta,Caryophyllales,Plumbaginaceae,Limonium,Limonium scoparium,6,7707728,220,422,2419,3082293,4089965,TRUE,Magnoliopsida,Limonium meyeri (Boiss.) Kuntze,4089965
4089950,Limonium milleri Ghaz. & J.R.Edm.,Limonium milleri,SPECIES,ACCEPTED,100,EXACT,Plantae,Tracheophyta,Caryophyllales,Plumbaginaceae,Limonium,Limonium milleri,6,7707728,220,422,2419,3082293,4089950,FALSE,Magnoliopsida,Limonium milleri Ghaz. & J.R.Edm.,NA
8611610,Limonium minoicum Erben & Brullo,Limonium minoicum,SPECIES,ACCEPTED,100,EXACT,Plantae,Tracheophyta,Caryophyllales,Plumbaginaceae,Limonium,Limonium minoicum,6,7707728,220,422,2419,3082293,8611610,FALSE,Magnoliopsida,Limonium minoicum Erben & Brullo,NA
4089914,Limonium minutiflorum (Guss.) Kuntze,Limonium minutiflorum,SPECIES,ACCEPTED,100,EXACT,Plantae,Tracheophyta,Caryophyllales,Plumbaginaceae,Limonium,Limonium minutiflorum,6,7707728,220,422,2419,3082293,4089914,FALSE,Magnoliopsida,Limonium minutiflorum (Guss.) Kuntze,NA
8005493,Limonium minutum (L.) Chaz.,Limonium minutum,SPECIES,ACCEPTED,100,EXACT,Plantae,Tracheophyta,Caryophyllales,Plumbaginaceae,Limonium,Limonium minutum,6,7707728,220,422,2419,3082293,8005493,FALSE,Magnoliopsida,Limonium minutum (L.) Chaz.,NA
5792471,Limonium mouretii (Pit.) Maire,Limonium mouretii,SPECIES,ACCEPTED,100,EXACT,Plantae,Tracheophyta,Caryophyllales,Plumbaginaceae,Limonium,Limonium mouretii,6,7707728,220,422,2419,3082293,5792471,FALSE,Magnoliopsida,Limonium mouretii (Pitard)Maire,NA
8420659,Limonium mucronatum (L.fil.) Chaz.,Limonium mucronatum,SPECIES,ACCEPTED,100,EXACT,Plantae,Tracheophyta,Caryophyllales,Plumbaginaceae,Limonium,Limonium mucronatum,6,7707728,220,422,2419,3082293,8420659,FALSE,Magnoliopsida,Limonium mucronatum (L.f.) Chaz.,NA
4089700,Limonium mucronulatum (H.Lindb.) Greuter & Burdet,Limonium mucronulatum,SPECIES,ACCEPTED,100,EXACT,Plantae,Tracheophyta,Caryophyllales,Plumbaginaceae,Limonium,Limonium mucronulatum,6,7707728,220,422,2419,3082293,4089700,FALSE,Magnoliopsida,Limonium mucronulatum (H.Lindb.) Greuter & Burdet,NA
4089687,Limonium multiflorum Erben,Limonium multiflorum,SPECIES,ACCEPTED,100,EXACT,Plantae,Tracheophyta,Caryophyllales,Plumbaginaceae,Limonium,Limonium multiflorum,6,7707728,220,422,2419,3082293,4089687,FALSE,Magnoliopsida,Limonium multiflorum Erben,NA
4089672,Limonium multiforme (Martelli) Pignatti,Limonium multiforme,SPECIES,ACCEPTED,100,EXACT,Plantae,Tracheophyta,Caryophyllales,Plumbaginaceae,Limonium,Limonium multiforme,6,7707728,220,422,2419,3082293,4089672,FALSE,Magnoliopsida,Limonium multiforme (Martelli) Pignatti,NA
4089594,Limonium narbonense Mill.,Limonium narbonense,SPECIES,ACCEPTED,100,EXACT,Plantae,Tracheophyta,Caryophyllales,Plumbaginaceae,Limonium,Limonium narbonense,6,7707728,220,422,2419,3082293,4089594,FALSE,Magnoliopsida,Limonium narbonense Mill.,NA
4089425,Limonium nudum (Boiss. & Buhse) Kuntze,Limonium nudum,SPECIES,ACCEPTED,100,EXACT,Plantae,Tracheophyta,Caryophyllales,Plumbaginaceae,Limonium,Limonium nudum,6,7707728,220,422,2419,3082293,4089425,FALSE,Magnoliopsida,Limonium nudum (Boiss. & Buhse) Kuntze,NA
4089410,Limonium nydeggeri Erben,Limonium nydeggeri,SPECIES,SYNONYM,100,EXACT,Plantae,Tracheophyta,Caryophyllales,Plumbaginaceae,Limonium,Limonium auriculifolium,6,7707728,220,422,2419,3082293,4090407,TRUE,Magnoliopsida,Limonium nydeggeri Erben,4090407
4089362,Limonium obtusifolium (Rouy) Erben,Limonium obtusifolium,SPECIES,ACCEPTED,100,EXACT,Plantae,Tracheophyta,Caryophyllales,Plumbaginaceae,Limonium,Limonium obtusifolium,6,7707728,220,422,2419,3082293,4089362,FALSE,Magnoliopsida,Limonium obtusifolium (Rouy) Erben,NA
7298077,Limonium ocymifolium (Poir.) Kuntze,Limonium ocymifolium,SPECIES,ACCEPTED,100,EXACT,Plantae,Tracheophyta,Caryophyllales,Plumbaginaceae,Limonium,Limonium ocymifolium,6,7707728,220,422,2419,3082293,7298077,FALSE,Magnoliopsida,Limonium ocymifolium (Poir.) Kuntze,NA
8703780,Limonium oligotrichum Erben & Brullo,Limonium oligotrichum,SPECIES,ACCEPTED,100,EXACT,Plantae,Tracheophyta,Caryophyllales,Plumbaginaceae,Limonium,Limonium oligotrichum,6,7707728,220,422,2419,3082293,8703780,FALSE,Magnoliopsida,Limonium oligotrichum Erben & Brullo,NA
3082317,Limonium otolepis (Schrenk) Kuntze,Limonium otolepis,SPECIES,ACCEPTED,100,EXACT,Plantae,Tracheophyta,Caryophyllales,Plumbaginaceae,Limonium,Limonium otolepis,6,7707728,220,422,2419,3082293,3082317,FALSE,Magnoliopsida,Limonium otolepis (Schrenk) Kuntze,NA
7298058,Limonium ovalifolium (Poir.) Kuntze,Limonium ovalifolium,SPECIES,ACCEPTED,100,EXACT,Plantae,Tracheophyta,Caryophyllales,Plumbaginaceae,Limonium,Limonium ovalifolium,6,7707728,220,422,2419,3082293,7298058,FALSE,Magnoliopsida,Limonium ovalifolium (Poir.) Kuntze,NA
4089059,Limonium palmyrense (Post) Dinsm.,Limonium palmyrense,SPECIES,ACCEPTED,100,EXACT,Plantae,Tracheophyta,Caryophyllales,Plumbaginaceae,Limonium,Limonium palmyrense,6,7707728,220,422,2419,3082293,4089059,FALSE,Magnoliopsida,Limonium palmyrense (Post) Dinsm.,NA
4089020,Limonium papillatum (Webb & Berthel.) Kuntze,Limonium papillatum,SPECIES,ACCEPTED,100,EXACT,Plantae,Tracheophyta,Caryophyllales,Plumbaginaceae,Limonium,Limonium papillatum,6,7707728,220,422,2419,3082293,4089020,FALSE,Magnoliopsida,Limonium papillatum (Webb & Berthel.) Kuntze,NA
4088906,Limonium paulayanum (Vierh.) Ghaz. & J.R.Edm.,Limonium paulayanum,SPECIES,ACCEPTED,100,EXACT,Plantae,Tracheophyta,Caryophyllales,Plumbaginaceae,Limonium,Limonium paulayanum,6,7707728,220,422,2419,3082293,4088906,FALSE,Magnoliopsida,Limonium paulayanum (Vierh.) Ghaz. & J.R.Edm.,NA
4088839,Limonium peregrinum (P.J.Bergius) R.A.Dyer,Limonium peregrinum,SPECIES,ACCEPTED,100,EXACT,Plantae,Tracheophyta,Caryophyllales,Plumbaginaceae,Limonium,Limonium peregrinum,6,7707728,220,422,2419,3082293,4088839,FALSE,Magnoliopsida,Limonium peregrinum (P.J.Bergius) RA.Dyer ,NA
7699652,Limonium perezii (Stapf) F.T.Hubb. ex L.H.Bailey,Limonium perezii,SPECIES,ACCEPTED,100,EXACT,Plantae,Tracheophyta,Caryophyllales,Plumbaginaceae,Limonium,Limonium perezii,6,7707728,220,422,2419,3082293,7699652,FALSE,Magnoliopsida,Limonium perezii (Stapf) Hubbard ex L.H.Bailey,NA
3082318,Limonium perfoliatum (Kar. ex Boiss.) Kuntze,Limonium perfoliatum,SPECIES,SYNONYM,100,EXACT,Plantae,Tracheophyta,Caryophyllales,Plumbaginaceae,Limonium,Limonium reniforme,6,7707728,220,422,2419,3082293,3082299,TRUE,Magnoliopsida,Limonium perfoliatum (Kar. ex Boiss.) Kuntze,3082299
4088712,Limonium pigadiense (Rech.fil.) Rech.fil.,Limonium pigadiense,SPECIES,ACCEPTED,100,EXACT,Plantae,Tracheophyta,Caryophyllales,Plumbaginaceae,Limonium,Limonium pigadiense,6,7707728,220,422,2419,3082293,4088712,FALSE,Magnoliopsida,Limonium pigadiense (Rech.f.) Rech.f.,NA
4088652,Limonium piptopodum Nevski,Limonium piptopodum,SPECIES,ACCEPTED,100,EXACT,Plantae,Tracheophyta,Caryophyllales,Plumbaginaceae,Limonium,Limonium piptopodum,6,7707728,220,422,2419,3082293,4088652,FALSE,Magnoliopsida,Limonium piptopodum Nevski,NA
4088624,Limonium platyphyllum Lincz.,Limonium platyphyllum,SPECIES,ACCEPTED,100,EXACT,Plantae,Tracheophyta,Caryophyllales,Plumbaginaceae,Limonium,Limonium platyphyllum,6,7707728,220,422,2419,3082293,4088624,FALSE,Magnoliopsida,Limonium platyphyllum Lincz.,NA
4088597,Limonium plurisquamatum Erben,Limonium plurisquamatum,SPECIES,ACCEPTED,100,EXACT,Plantae,Tracheophyta,Caryophyllales,Plumbaginaceae,Limonium,Limonium plurisquamatum,6,7707728,220,422,2419,3082293,4088597,FALSE,Magnoliopsida,Limonium plurisquamatum Erben,NA
4088489,Limonium preauxii (Webb & Berthel.) Kuntze,Limonium preauxii,SPECIES,ACCEPTED,100,EXACT,Plantae,Tracheophyta,Caryophyllales,Plumbaginaceae,Limonium,Limonium preauxii,6,7707728,220,422,2419,3082293,4088489,FALSE,Magnoliopsida,Limonium preauxii (Webb & Berthel.) Kuntze,NA
8676871,Limonium proliferum (d'Urv.) Erben & Brullo,Limonium proliferum,SPECIES,ACCEPTED,100,EXACT,Plantae,Tracheophyta,Caryophyllales,Plumbaginaceae,Limonium,Limonium proliferum,6,7707728,220,422,2419,3082293,8676871,FALSE,Magnoliopsida,Limonium proliferum (d'Urv.) Erben & Bruno,NA
8104110,Limonium pruinosum (L.) Chaz.,Limonium pruinosum,SPECIES,ACCEPTED,100,EXACT,Plantae,Tracheophyta,Caryophyllales,Plumbaginaceae,Limonium,Limonium pruinosum,6,7707728,220,422,2419,3082293,8104110,FALSE,Magnoliopsida,Limonium pruinosum (L.) Chaz.,NA
4090833,Limonium pseudebusitanum Erben,Limonium pseudebusitanum,SPECIES,ACCEPTED,100,EXACT,Plantae,Tracheophyta,Caryophyllales,Plumbaginaceae,Limonium,Limonium pseudebusitanum,6,7707728,220,422,2419,3082293,4090833,FALSE,Magnoliopsida,Limonium pseudebusitanum Erben,NA
4090703,Limonium puberulum (Webb) Kuntze,Limonium puberulum,SPECIES,ACCEPTED,100,EXACT,Plantae,Tracheophyta,Caryophyllales,Plumbaginaceae,Limonium,Limonium puberulum,6,7707728,220,422,2419,3082293,4090703,FALSE,Magnoliopsida,Limonium puberulum (Webb) Kuntze,NA
4090652,Limonium purpuratum (L.) F.T.Hubb. ex L.H.Bailey,Limonium purpuratum,SPECIES,SYNONYM,100,EXACT,Plantae,Tracheophyta,Caryophyllales,Plumbaginaceae,Limonium,Limonium purpuratum,6,7707728,220,422,2419,3082293,10949147,TRUE,Magnoliopsida,Limonium purpuratum Hubbard ex L.H.Bailey,10949147
7472167,Limonium pylium R.Artelari,Limonium pylium,SPECIES,ACCEPTED,100,EXACT,Plantae,Tracheophyta,Caryophyllales,Plumbaginaceae,Limonium,Limonium pylium,6,7707728,220,422,2419,3082293,7472167,FALSE,Magnoliopsida,Limonium pylium R.Artelari,NA
8624672,Limonium recticaule Erben & Brullo,Limonium recticaule,SPECIES,ACCEPTED,100,EXACT,Plantae,Tracheophyta,Caryophyllales,Plumbaginaceae,Limonium,Limonium recticaule,6,7707728,220,422,2419,3082293,8624672,FALSE,Magnoliopsida,Limonium recticaule Erben & Bruno,NA
4090363,Limonium redivivum (Svent.) Kunkel & Sunding,Limonium redivivum,SPECIES,ACCEPTED,100,EXACT,Plantae,Tracheophyta,Caryophyllales,Plumbaginaceae,Limonium,Limonium redivivum,6,7707728,220,422,2419,3082293,4090363,FALSE,Magnoliopsida,Limonium redivivum (Svent.) G.Kunkel & Sunding,NA
4090349,Limonium relicticum R.Mesa & A.Santos,Limonium relicticum,SPECIES,ACCEPTED,100,EXACT,Plantae,Tracheophyta,Caryophyllales,Plumbaginaceae,Limonium,Limonium relicticum,6,7707728,220,422,2419,3082293,4090349,FALSE,Magnoliopsida,Limonium relicticum R.Mesa & A.Santos,NA
4090336,Limonium remotispiculum (Lacaita) Pignatti,Limonium remotispiculum,SPECIES,ACCEPTED,100,EXACT,Plantae,Tracheophyta,Caryophyllales,Plumbaginaceae,Limonium,Limonium remotispiculum,6,7707728,220,422,2419,3082293,4090336,FALSE,Magnoliopsida,Limonium remotispiculum (Lacaita) Pignatti,NA
3082299,Limonium reniforme (Girard) Lincz.,Limonium reniforme,SPECIES,ACCEPTED,100,EXACT,Plantae,Tracheophyta,Caryophyllales,Plumbaginaceae,Limonium,Limonium reniforme,6,7707728,220,422,2419,3082293,3082299,FALSE,Magnoliopsida,Limonium reniforme (Girard) Lincz.,NA
4090243,Limonium rigualii M.B.Crespo & Erben,Limonium rigualii,SPECIES,ACCEPTED,100,EXACT,Plantae,Tracheophyta,Caryophyllales,Plumbaginaceae,Limonium,Limonium rigualii,6,7707728,220,422,2419,3082293,4090243,FALSE,Magnoliopsida,Limonium rigualii M.B.Crespo & Erben,NA
4090221,Limonium roridum (Sibth. & Sm.) Brullo & Guarino,Limonium roridum,SPECIES,ACCEPTED,100,EXACT,Plantae,Tracheophyta,Caryophyllales,Plumbaginaceae,Limonium,Limonium roridum,6,7707728,220,422,2419,3082293,4090221,FALSE,Magnoliopsida,Limonium roridum (Sibth. & Sm.) Brullo & Guarino,NA
4090084,Limonium santapolense Erben,Limonium santapolense,SPECIES,ACCEPTED,100,EXACT,Plantae,Tracheophyta,Caryophyllales,Plumbaginaceae,Limonium,Limonium santapolense,6,7707728,220,422,2419,3082293,4090084,FALSE,Magnoliopsida,Limonium santapolense Erben,NA
7853409,Limonium saracinatum R.Artelari,Limonium saracinatum,SPECIES,ACCEPTED,100,EXACT,Plantae,Tracheophyta,Caryophyllales,Plumbaginaceae,Limonium,Limonium saracinatum,6,7707728,220,422,2419,3082293,7853409,FALSE,Magnoliopsida,Limonium saracinatum R.Artelari,NA
4090050,Limonium sarcophyllum Ghaz. & J.R.Edm.,Limonium sarcophyllum,SPECIES,ACCEPTED,100,EXACT,Plantae,Tracheophyta,Caryophyllales,Plumbaginaceae,Limonium,Limonium sarcophyllum,6,7707728,220,422,2419,3082293,4090050,FALSE,Magnoliopsida,Limonium sarcophyllum Ghaz. & J.R.Edm.,NA
4089992,Limonium scabrum (Thunb.) Kuntze,Limonium scabrum,SPECIES,ACCEPTED,100,EXACT,Plantae,Tracheophyta,Caryophyllales,Plumbaginaceae,Limonium,Limonium scabrum,6,7707728,220,422,2419,3082293,4089992,FALSE,Magnoliopsida,Limonium scabrum (Thunb.) Kuntze,NA
7959870,Limonium scopulorum M.B.Crespo & Lled√≥,Limonium scopulorum,SPECIES,ACCEPTED,100,EXACT,Plantae,Tracheophyta,Caryophyllales,Plumbaginaceae,Limonium,Limonium scopulorum,6,7707728,220,422,2419,3082293,7959870,FALSE,Magnoliopsida,Limonium scopulorum M.B.Crespo & Lledo,NA
4089738,Limonium sieberi (Boiss.) Kuntze,Limonium sieberi,SPECIES,ACCEPTED,100,EXACT,Plantae,Tracheophyta,Caryophyllales,Plumbaginaceae,Limonium,Limonium sieberi,6,7707728,220,422,2419,3082293,4089738,FALSE,Magnoliopsida,Limonium sieberi (Boiss.) Kuntze,NA
7298115,Limonium sinense (Girard) Kuntze,Limonium sinense,SPECIES,ACCEPTED,100,EXACT,Plantae,Tracheophyta,Caryophyllales,Plumbaginaceae,Limonium,Limonium sinense,6,7707728,220,422,2419,3082293,7298115,FALSE,Magnoliopsida,Limonium sinense (Girard) Kuntze,NA
3082297,Limonium sinuatum (L.) Mill.,Limonium sinuatum,SPECIES,ACCEPTED,100,EXACT,Plantae,Tracheophyta,Caryophyllales,Plumbaginaceae,Limonium,Limonium sinuatum,6,7707728,220,422,2419,3082293,3082297,FALSE,Magnoliopsida,Limonium sinuatum (L.) Mill.,NA
4089629,Limonium sitiacum Rech.fil.,Limonium sitiacum,SPECIES,ACCEPTED,100,EXACT,Plantae,Tracheophyta,Caryophyllales,Plumbaginaceae,Limonium,Limonium sitiacum,6,7707728,220,422,2419,3082293,4089629,FALSE,Magnoliopsida,Limonium sitiacum Rech.f.,NA
4089608,Limonium sogdianum (Popov) Ikonn.-Gal.,Limonium sogdianum,SPECIES,ACCEPTED,100,EXACT,Plantae,Tracheophyta,Caryophyllales,Plumbaginaceae,Limonium,Limonium sogdianum,6,7707728,220,422,2419,3082293,4089608,FALSE,Magnoliopsida,Limonium sogdianum Ikonn.-Gal.,NA
4089596,Limonium sokotranum (Vierh.) Radcl.-Sm.,Limonium sokotranum,SPECIES,ACCEPTED,100,EXACT,Plantae,Tracheophyta,Caryophyllales,Plumbaginaceae,Limonium,Limonium sokotranum,6,7707728,220,422,2419,3082293,4089596,FALSE,Magnoliopsida,Limonium sokotranum (Vierh.) Radcl.-Sm.,NA
4089551,Limonium somalorum (Vierh.) Hutch. & E.A.Bruce,Limonium somalorum,SPECIES,SYNONYM,100,EXACT,Plantae,Tracheophyta,Caryophyllales,Plumbaginaceae,Limonium,Limonium axillare,6,7707728,220,422,2419,3082293,4090344,TRUE,Magnoliopsida,Limonium somalorum (Vierh.) Hutch. & E.A.Bruce,4090344
8557207,Limonium sougiae Erben & Brullo,Limonium sougiae,SPECIES,ACCEPTED,100,EXACT,Plantae,Tracheophyta,Caryophyllales,Plumbaginaceae,Limonium,Limonium sougiae,6,7707728,220,422,2419,3082293,8557207,FALSE,Magnoliopsida,Limonium sougiae Erben & Bruno,NA
4089510,Limonium spectabile (Svent.) Kunkel & Sunding,Limonium spectabile,SPECIES,ACCEPTED,100,EXACT,Plantae,Tracheophyta,Caryophyllales,Plumbaginaceae,Limonium,Limonium spectabile,6,7707728,220,422,2419,3082293,4089510,FALSE,Magnoliopsida,Limonium spectabile (Svent.) G.Kunkel & Sunding,NA
8594092,Limonium spreitzenhoferi Erben & Brullo,Limonium spreitzenhoferi,SPECIES,ACCEPTED,100,EXACT,Plantae,Tracheophyta,Caryophyllales,Plumbaginaceae,Limonium,Limonium spreitzenhoferi,6,7707728,220,422,2419,3082293,8594092,FALSE,Magnoliopsida,Limonium spreitzenhoferi Erben & Bruno,NA
8641929,Limonium stenotatum (Rech.fil.) Erben & Brullo,Limonium stenotatum,SPECIES,ACCEPTED,100,EXACT,Plantae,Tracheophyta,Caryophyllales,Plumbaginaceae,Limonium,Limonium stenotatum,6,7707728,220,422,2419,3082293,8641929,FALSE,Magnoliopsida,Limonium stenotatum (Rech.f.) Erben & Bruno,NA
4089452,Limonium stocksii (Boiss.) Kuntze,Limonium stocksii,SPECIES,ACCEPTED,100,EXACT,Plantae,Tracheophyta,Caryophyllales,Plumbaginaceae,Limonium,Limonium stocksii,6,7707728,220,422,2419,3082293,4089452,FALSE,Magnoliopsida,Limonium stocksii (Boiss.) Kuntze,NA
4089427,Limonium subglabrum Erben,Limonium subglabrum,SPECIES,ACCEPTED,100,EXACT,Plantae,Tracheophyta,Caryophyllales,Plumbaginaceae,Limonium,Limonium subglabrum,6,7707728,220,422,2419,3082293,4089427,FALSE,Magnoliopsida,Limonium subglabrum Erben,NA
4089375,Limonium suffruticosum (L.) Kuntze,Limonium suffruticosum,SPECIES,ACCEPTED,100,EXACT,Plantae,Tracheophyta,Caryophyllales,Plumbaginaceae,Limonium,Limonium suffruticosum,6,7707728,220,422,2419,3082293,4089375,FALSE,Magnoliopsida,Limonium suffruticosum (L.) Kuntze,NA
4089352,"Limonium sundingii Leyens, Lobin, N.Kilian & Erben",Limonium sundingii,SPECIES,ACCEPTED,100,EXACT,Plantae,Tracheophyta,Caryophyllales,Plumbaginaceae,Limonium,Limonium sundingii,6,7707728,220,422,2419,3082293,4089352,FALSE,Magnoliopsida,"Limonium sundingii Leyens, Lobin, N.Kilian & Erben",NA
4089324,Limonium supinum (Girard) Pignatti,Limonium supinum,SPECIES,ACCEPTED,100,EXACT,Plantae,Tracheophyta,Caryophyllales,Plumbaginaceae,Limonium,Limonium supinum,6,7707728,220,422,2419,3082293,4089324,FALSE,Magnoliopsida,Limonium supinum (Girard) Pignatti,NA
4089302,Limonium sventenii A.Santos & M.Fern√°ndez,Limonium sventenii,SPECIES,ACCEPTED,100,EXACT,Plantae,Tracheophyta,Caryophyllales,Plumbaginaceae,Limonium,Limonium sventenii,6,7707728,220,422,2419,3082293,4089302,FALSE,Magnoliopsida,Limonium sventenii A. Santos &M.L.Fernandez,NA
4089279,Limonium tabernense Erben,Limonium tabernense,SPECIES,ACCEPTED,100,EXACT,Plantae,Tracheophyta,Caryophyllales,Plumbaginaceae,Limonium,Limonium tabernense,6,7707728,220,422,2419,3082293,4089279,FALSE,Magnoliopsida,Limonium tabernense Erben,NA
7432185,Limonium tamaricoides Bokhari,Limonium tamaricoides,SPECIES,ACCEPTED,100,EXACT,Plantae,Tracheophyta,Caryophyllales,Plumbaginaceae,Limonium,Limonium tamaricoides,6,7707728,220,422,2419,3082293,7432185,FALSE,Magnoliopsida,Limonium tamaricoides Bokhari,NA
8275675,Limonium tenellum (Turcz.) Kuntze,Limonium tenellum,SPECIES,ACCEPTED,100,EXACT,Plantae,Tracheophyta,Caryophyllales,Plumbaginaceae,Limonium,Limonium tenellum,6,7707728,220,422,2419,3082293,8275675,FALSE,Magnoliopsida,Limonium tenellum (Turcz.) Kuntze,NA
4089032,Limonium tetragonum (Thunb.) Bullock,Limonium tetragonum,SPECIES,ACCEPTED,100,EXACT,Plantae,Tracheophyta,Caryophyllales,Plumbaginaceae,Limonium,Limonium tetragonum,6,7707728,220,422,2419,3082293,4089032,FALSE,Magnoliopsida,Limonium tetragonum (Thunb.) Bullock,NA
4088982,Limonium thiniense Erben,Limonium thiniense,SPECIES,ACCEPTED,100,EXACT,Plantae,Tracheophyta,Caryophyllales,Plumbaginaceae,Limonium,Limonium thiniense,6,7707728,220,422,2419,3082293,4088982,FALSE,Magnoliopsida,Limonium thiniense Erben,NA
4088883,Limonium toletanum Erben,Limonium toletanum,SPECIES,ACCEPTED,100,EXACT,Plantae,Tracheophyta,Caryophyllales,Plumbaginaceae,Limonium,Limonium toletanum,6,7707728,220,422,2419,3082293,4088883,FALSE,Magnoliopsida,Limonium toletanum Erben,NA
4088868,Limonium tomentellum (Boiss.) Kuntze,Limonium tomentellum,SPECIES,ACCEPTED,100,EXACT,Plantae,Tracheophyta,Caryophyllales,Plumbaginaceae,Limonium,Limonium tomentellum,6,7707728,220,422,2419,3082293,4088868,FALSE,Magnoliopsida,Limonium tomentellum (Boiss.) Kuntze,NA
4088841,Limonium tournefortii (Boiss.) Erben,Limonium tournefortii,SPECIES,ACCEPTED,100,EXACT,Plantae,Tracheophyta,Caryophyllales,Plumbaginaceae,Limonium,Limonium tournefortii,6,7707728,220,422,2419,3082293,4088841,FALSE,Magnoliopsida,Limonium tournefortii (Boiss.) Erben,NA
4088702,Limonium tuberculatum (Boiss.) Kuntze,Limonium tuberculatum,SPECIES,ACCEPTED,100,EXACT,Plantae,Tracheophyta,Caryophyllales,Plumbaginaceae,Limonium,Limonium tuberculatum,6,7707728,220,422,2419,3082293,4088702,FALSE,Magnoliopsida,Limonium tuberculatum (Boiss.) Kuntze,NA
7298009,Limonium tubiflorum (Delile) Kuntze,Limonium tubiflorum,SPECIES,ACCEPTED,100,EXACT,Plantae,Tracheophyta,Caryophyllales,Plumbaginaceae,Limonium,Limonium tubiflorum,6,7707728,220,422,2419,3082293,7298009,FALSE,Magnoliopsida,Limonium tubiflorum (Del.) Kuntze,NA
4088668,Limonium tunetanum (Barratte) Maire,Limonium tunetanum,SPECIES,ACCEPTED,100,EXACT,Plantae,Tracheophyta,Caryophyllales,Plumbaginaceae,Limonium,Limonium tunetanum,6,7707728,220,422,2419,3082293,4088668,FALSE,Magnoliopsida,Limonium tunetanum (Barratte)Maire,NA
8699380,Limonium vanandense Erben & Brullo,Limonium vanandense,SPECIES,ACCEPTED,100,EXACT,Plantae,Tracheophyta,Caryophyllales,Plumbaginaceae,Limonium,Limonium vanandense,6,7707728,220,422,2419,3082293,8699380,FALSE,Magnoliopsida,Limonium vanandense Erben & Brullo,NA
4088491,Limonium vigaroense Marrero Rodr. & R.S.Almeida,Limonium vigaroense,SPECIES,ACCEPTED,100,EXACT,Plantae,Tracheophyta,Caryophyllales,Plumbaginaceae,Limonium,Limonium vigaroense,6,7707728,220,422,2419,3082293,4088491,FALSE,Magnoliopsida,Limonium vigaroense Marrero Rodr. & RS.Almeida,NA
7730625,Limonium virgatum (Willd.) Fourr.,Limonium virgatum,SPECIES,ACCEPTED,100,EXACT,Plantae,Tracheophyta,Caryophyllales,Plumbaginaceae,Limonium,Limonium virgatum,6,7707728,220,422,2419,3082293,7730625,FALSE,Magnoliopsida,Limonium virgatum (Willd.) Fourr.,NA
3082322,Limonium vulgare Mill.,Limonium vulgare,SPECIES,ACCEPTED,100,EXACT,Plantae,Tracheophyta,Caryophyllales,Plumbaginaceae,Limonium,Limonium vulgare,6,7707728,220,422,2419,3082293,3082322,FALSE,Magnoliopsida,Limonium vulgare Mill.,NA
3082322,Limonium vulgare Mill.,Limonium vulgare,SPECIES,ACCEPTED,98,HIGHERRANK,Plantae,Tracheophyta,Caryophyllales,Plumbaginaceae,Limonium,Limonium vulgare,6,7707728,220,422,2419,3082293,3082322,FALSE,Magnoliopsida,Limonium vulgare (eduardi-diasii Fdez. Prieto & C. Aguiar sp. nova. ined.),NA
7298231,Limonium wrightii (Hance) Kuntze,Limonium wrightii,SPECIES,ACCEPTED,100,EXACT,Plantae,Tracheophyta,Caryophyllales,Plumbaginaceae,Limonium,Limonium wrightii,6,7707728,220,422,2419,3082293,7298231,FALSE,Magnoliopsida,Limonium wrightii (Hance) Kuntze,NA
8546738,Limonium xerocamposicum Erben & Brullo,Limonium xerocamposicum,SPECIES,ACCEPTED,100,EXACT,Plantae,Tracheophyta,Caryophyllales,Plumbaginaceae,Limonium,Limonium xerocamposicum,6,7707728,220,422,2419,3082293,8546738,FALSE,Magnoliopsida,Limonium xerocamposicum Erben & Brullo,NA
8506761,Limonium xiliense Erben & Brullo,Limonium xiliense,SPECIES,ACCEPTED,100,EXACT,Plantae,Tracheophyta,Caryophyllales,Plumbaginaceae,Limonium,Limonium xiliense,6,7707728,220,422,2419,3082293,8506761,FALSE,Magnoliopsida,Limonium xiliense Erben & Brullo,NA
8560568,Limonium archeothirae Erben & Brullo,Limonium archeothirae,SPECIES,ACCEPTED,98,FUZZY,Plantae,Tracheophyta,Caryophyllales,Plumbaginaceae,Limonium,Limonium archeothirae,6,7707728,220,422,2419,3082293,8560568,FALSE,Magnoliopsida,Limonium archaeothirae Erben & Bruno,NA
7578147,Limonium beaumieranum (Maire) Maire,Limonium beaumieranum,SPECIES,SYNONYM,92,FUZZY,Plantae,Tracheophyta,Caryophyllales,Plumbaginaceae,Limonium,Limonium sinuatum,6,7707728,220,422,2419,3082293,3082297,TRUE,Magnoliopsida,Limonium beaumierianum (Coss. exMaire)Maire,8086815
4089947,Limonium bonducellii (T.Lestib.) Kuntze,Limonium bonducellii,SPECIES,SYNONYM,97,FUZZY,Plantae,Tracheophyta,Caryophyllales,Plumbaginaceae,Limonium,Limonium sinuatum,6,7707728,220,422,2419,3082293,3082297,TRUE,Magnoliopsida,Limonium bonduellei (T.Lestib.) Kuntze,3082297
7728538,Limonium bourgaei (Webb ex Boiss.) Kuntze,Limonium bourgaei,SPECIES,SYNONYM,93,FUZZY,Plantae,Tracheophyta,Caryophyllales,Plumbaginaceae,Limonium,Limonium bourgeaui,6,7707728,220,422,2419,3082293,4089898,TRUE,Magnoliopsida,Limonium bourgeaui (Webb ex Webb) Kuntze,4089898
8993888,"Limonium haitiense S.F.Blake, 1931",Limonium haitiense,SPECIES,SYNONYM,96,FUZZY,Plantae,Tracheophyta,Caryophyllales,Plumbaginaceae,Limonium,Limonium bahamense,6,7707728,220,422,2419,3082293,7298190,TRUE,Magnoliopsida,Limonium haitense Blake,4090305
7854478,Limonium iconium (Boiss. & Heldr.) Kuntze,Limonium iconium,SPECIES,ACCEPTED,98,FUZZY,Plantae,Tracheophyta,Caryophyllales,Plumbaginaceae,Limonium,Limonium iconium,6,7707728,220,422,2419,3082293,7854478,FALSE,Magnoliopsida,Limonium iconicum (Boiss. & Heldr.) Kuntze,NA
4088449,Limonium jovibarba (Webb ex Boiss.) Kuntze,Limonium jovibarba,SPECIES,ACCEPTED,98,FUZZY,Plantae,Tracheophyta,Caryophyllales,Plumbaginaceae,Limonium,Limonium jovibarba,6,7707728,220,422,2419,3082293,4088449,FALSE,Magnoliopsida,Limonium jovi-barba (Webb) Kuntze,NA
4090737,Limonium latibracteatum Erben,Limonium latibracteatum,SPECIES,ACCEPTED,97,FUZZY,Plantae,Tracheophyta,Caryophyllales,Plumbaginaceae,Limonium,Limonium latibracteatum,6,7707728,220,422,2419,3082293,4090737,FALSE,Magnoliopsida,Limonium latebracteatum Erben,NA
4090736,Limonium longibracteatum Erben,Limonium longibracteatum,SPECIES,ACCEPTED,97,FUZZY,Plantae,Tracheophyta,Caryophyllales,Plumbaginaceae,Limonium,Limonium longibracteatum,6,7707728,220,422,2419,3082293,4090736,FALSE,Magnoliopsida,Limonium longebracteatum Erben,NA
8028429,Limonium pectinatum var. corculum (Webb & Berthel.) Kunkel & Sunding,Limonium pectinatum corculum,VARIETY,ACCEPTED,100,EXACT,Plantae,Tracheophyta,Caryophyllales,Plumbaginaceae,Limonium,Limonium pectinatum,6,7707728,220,422,2419,3082293,4088881,FALSE,Magnoliopsida,Limonium pectinatum var. corculum (Webb & Berthel.) G.Kunkel & Sunding,NA
7522452,Limonium pectinatum var. divaricatum (Pit.) Kunkel & Sunding,Limonium pectinatum divaricatum,VARIETY,ACCEPTED,100,EXACT,Plantae,Tracheophyta,Caryophyllales,Plumbaginaceae,Limonium,Limonium pectinatum,6,7707728,220,422,2419,3082293,4088881,FALSE,Magnoliopsida,Limonium pectinatum var. divaricatum (Pit.) G.Kunkel & Sunding,NA
7832426,Limonium pectinatum var. solandri (Webb & Berth.) Kuntze,Limonium pectinatum solandri,VARIETY,ACCEPTED,99,EXACT,Plantae,Tracheophyta,Caryophyllales,Plumbaginaceae,Limonium,Limonium pectinatum,6,7707728,220,422,2419,3082293,4088881,FALSE,Magnoliopsida,Limonium pectinatum var. solandri (Webb. & Berthel.),NA
4090641,Limonium pycnanthum (K.Koch) Kuntze,Limonium pycnanthum,SPECIES,SYNONYM,100,EXACT,Plantae,Tracheophyta,Caryophyllales,Plumbaginaceae,Limonium,Limonium gmelini,6,7707728,220,422,2419,3082293,4089276,TRUE,Magnoliopsida,Limonium cf. pycnanthum (K. Koch) Kuntze,4089276
6401050,Limonium recurvum subsp. humile (Girard) Ingr.,Limonium recurvum humile,SUBSPECIES,SYNONYM,100,EXACT,Plantae,Tracheophyta,Caryophyllales,Plumbaginaceae,Limonium,Limonium naniforme,6,7707728,220,422,2419,3082293,10080939,TRUE,Magnoliopsida,Limonium recurvum C.E.Salmon subsp. humile (Girard) Ingr.,10080939
4090451,Limonium recurvum var. humile (Girard) Ingr.,Limonium recurvum humile,VARIETY,SYNONYM,97,EXACT,Plantae,Tracheophyta,Caryophyllales,Plumbaginaceae,Limonium,Limonium naniforme,6,7707728,220,422,2419,3082293,10080939,TRUE,Magnoliopsida,Limonium recurvum C.E.Salmon subsp. humile (Girard) Ingr.,10080939
7572101,Limonium tetragonium Bullock,Limonium tetragonium,SPECIES,DOUBTFUL,94,FUZZY,Plantae,Tracheophyta,Caryophyllales,Plumbaginaceae,Limonium,Limonium tetragonium,6,7707728,220,422,2419,3082293,7572101,FALSE,Magnoliopsida,Limonium tetragonum (Thunb.) Bullock,NA
